"age","TBR_1_mu","TBR_1_sigma","TBR_2_mu","TBR_2_sigma","TBR_3_mu","TBR_3_sigma","TBR_4_mu","TBR_4_sigma","TBR_5_mu","TBR_5_sigma","TBR_6_mu","TBR_6_sigma","TBR_7_mu","TBR_7_sigma","TBR_8_mu","TBR_8_sigma","TBR_9_mu","TBR_9_sigma","TBR_10_mu","TBR_10_sigma","TBR_11_mu","TBR_11_sigma","TBR_12_mu","TBR_12_sigma","TBR_13_mu","TBR_13_sigma","TBR_14_mu","TBR_14_sigma","TBR_15_mu","TBR_15_sigma","TBR_16_mu","TBR_16_sigma","TBR_17_mu","TBR_17_sigma","TBR_18_mu","TBR_18_sigma","TBR_19_mu","TBR_19_sigma"
5.17,1.09334204124094,0.251381439770476,1.02149776986044,0.266341815353393,1.10367274650661,0.220719164370379,1.08589485245203,0.226451165705631,1.14037960242533,0.196634417853451,1.11544083036039,0.196333040424855,1.25310908409741,0.210823673154152,1.24879640526134,0.209735442594324,1.36247022620694,0.265379473779919,1.33873038231954,0.278440368749267,1.12997863068331,0.248369698128996,1.1270250046863,0.252597215017833,0.929456633206483,0.400361779292375,0.916146164667386,0.335259383971013,1.25716690383259,0.251863036996595,1.2510848200084,0.238139983593307,1.23825350552158,0.19205687569486,1.31510872959402,0.200343832613486,1.41490555588377,0.218641286132569
5.19966860297942,1.08952201912563,0.251515178915673,1.01860241788152,0.266457099471829,1.10016216850211,0.220900670440653,1.08214454038426,0.22684118536513,1.13727980708038,0.196845854537306,1.11219041177369,0.196542627705677,1.25062457466958,0.211024330654573,1.24657903683754,0.209949171175536,1.357577346208,0.265512413669603,1.33414498858935,0.278562418707368,1.12643947181148,0.248390289856367,1.12342551915992,0.252646999174273,0.926845810804338,0.399816737788724,0.913341078117466,0.335209376448652,1.25350968152452,0.251876129003591,1.24780364420329,0.23831153088105,1.23498518056084,0.192567187125654,1.31384745592456,0.20054177795551,1.41244791083929,0.218801021568599
5.22950746243906,1.08570228943193,0.251648989163948,1.01570710249874,0.266572433444386,1.09665124946992,0.221082289587582,1.07839413823188,0.227231671645807,1.13417846005227,0.197057518539248,1.10893883126124,0.196752438686929,1.24813611875527,0.211225179106083,1.24435666667921,0.210163117532994,1.35268479117959,0.265645395035756,1.32955978304745,0.278684495565754,1.12290047966335,0.248410875544285,1.11982626587158,0.252696713100495,0.924235052952249,0.399272343195337,0.910536277195257,0.335159376355598,1.24985182412034,0.251889174079226,1.24452077020565,0.238483191239014,1.23171652963853,0.193078646383153,1.3125805964573,0.200739918838534,1.40998363423402,0.218960873673051
5.25951755541411,1.08188288881918,0.25178287054806,1.01281182550121,0.266687817287931,1.09313995980381,0.221264017957133,1.07464364428032,0.227622603580711,1.13107538914811,0.197269410100108,1.10568596022231,0.196962473603666,1.24564325609514,0.211426218687437,1.2421287012354,0.210377281886469,1.34779257487065,0.265778415039802,1.32497474249587,0.278806596395267,1.11936166472771,0.248431454389755,1.11622726903322,0.252746348561957,0.921624365364231,0.398728585524262,0.907731790971127,0.335109383688553,1.24619326884502,0.251902167265716,1.24123601424715,0.238654963361175,1.22844751560381,0.193591233811584,1.31130746677336,0.200938255452204,1.40751204513174,0.219120842528111
5.28969986454658,1.07806385662628,0.251916823099887,1.00991658846222,0.266803251018459,1.08962826011898,0.221445851101512,1.07089305138481,0.228013956437529,1.12797038971159,0.19748152946027,1.10243164561068,0.197172732690484,1.24314544707451,0.211627449576854,1.23989444184723,0.210591664455504,1.3429007204492,0.265911470480165,1.32038985069473,0.27892871786989,1.11582304065468,0.248452025430372,1.1126285562273,0.252795895908191,0.919013754994677,0.398185452652864,0.904927653825772,0.335059398443161,1.2425339390862,0.251915102651259,1.23794915619423,0.238826845858655,1.22517809275412,0.194104925959038,1.31002726874187,0.201136787985675,1.40503231536063,0.219280928215277
5.32005537811748,1.07424523582215,0.252050846851093,1.00702139397524,0.266918734651783,1.08611611251658,0.221627784318184,1.06714235522907,0.22840570421556,1.12486325383217,0.19769387686024,1.09917573205884,0.197383216182083,1.24064214142034,0.211828871952687,1.23765318069912,0.210806265459801,1.33800924991841,0.266044557944157,1.31580509010496,0.279050856451272,1.11228462193006,0.248472587683098,1.10903015690922,0.252845345055985,0.916403229067481,0.397642932478232,0.902123901404252,0.335009420615372,1.23887375721584,0.251927974175966,1.23465997299922,0.238998837193157,1.22190821629645,0.194619697894547,1.30873919119059,0.201335516628144,1.40254360923742,0.219441130816097
5.35058509007916,1.07042707043977,0.252184941833434,1.00412624512943,0.267034268203814,1.08260348174045,0.221809812900768,1.06339155385171,0.22879782098517,1.12175377874646,0.197906452540861,1.09591806813238,0.197593924313484,1.23813280024403,0.212030485993583,1.23540422725161,0.211021085119344,1.33311818285389,0.266177673994142,1.31122044119986,0.279173008582941,1.10874642276815,0.248493140187875,1.10543210067988,0.252894686012158,0.913792794674169,0.397101013383939,0.89932056883391,0.334959450201488,1.2352126479643,0.251940775907114,1.23136824770414,0.239170935773449,1.21863784357629,0.195135524595648,1.30744244024902,0.201534441569057,1.4000451176336,0.21960145041232
5.38129000008789,1.06660940451768,0.252319108078673,1.00123114501653,0.267149851690465,1.07909033254837,0.221991932127421,1.05964064530372,0.229190280640103,1.11864176171814,0.198119256743217,1.09265850241761,0.197804857319949,1.23561688471694,0.212232291878347,1.23314689105624,0.211236123654333,1.32822753881845,0.266310815185528,1.30663588444228,0.279295170702163,1.10520845738187,0.248513681984452,1.10183441714095,0.252943908776423,0.91118245890557,0.396559683816541,0.89651769123936,0.334909487197814,1.23155053607437,0.251953501911513,1.2280737633831,0.239343140003323,1.21536693195034,0.195652380760206,1.30613622213777,0.201733562998036,1.39753603156046,0.21976188708575
5.41217111353658,1.06279228209443,0.252453345618581,0.998336096728316,0.267265485127646,1.07557662969809,0.222174137260753,1.05588962763608,0.229583056895757,1.11552700001092,0.19833228970864,1.08939688350084,0.198016015436971,1.23309385601044,0.212434289785944,1.23088048166451,0.211451381285185,1.32333733737491,0.266443978066854,1.30205140029507,0.279417339240002,1.1016707399841,0.248534212112264,1.09823713589406,0.252993003340918,0.908572228852511,0.396018932283172,0.893715303745213,0.334859531600657,1.22788734628882,0.251966146254838,1.22477630311018,0.239515448281836,1.21209543877531,0.196170240803987,1.30481974307745,0.201932881104879,1.39501554202927,0.21992244091824
5.44322944158769,1.05897574720857,0.252587654484937,0.995441103356539,0.267381168531269,1.07206233794737,0.222356423547809,1.0521384988998,0.229976123288821,1.11240929088849,0.198545551678707,1.08613305996836,0.198227398900285,1.23056317529591,0.212636479895502,1.22860430862797,0.211666858232533,1.31844759808611,0.266577159179792,1.29746696922107,0.279539510621321,1.09813328478775,0.248554729610428,1.0946402865409,0.253041959690255,0.90596211160582,0.395478747351384,0.890913441476083,0.334809583406325,1.22422300335045,0.25197870300165,1.22147564995948,0.239687859003302,1.20882332140793,0.19668907885927,1.30349220928869,0.202132396079556,1.39248284005132,0.220083111991697
5.47446600120632,1.05515984389864,0.252722034709524,0.992546167992958,0.267496901917244,1.06854742205398,0.222538786220048,1.04838725714586,0.230369453176931,1.10928843161455,0.198759042895241,1.0828668804065,0.198439007945861,1.22802430374472,0.212838862386305,1.22631768149813,0.211882554717228,1.31355834051487,0.266710355059139,1.29288257168315,0.279661681264778,1.09459610600571,0.24857523351775,1.0910438986831,0.253090767801571,0.903352114256327,0.394939117648983,0.888112139556582,0.334759642611129,1.22055743200203,0.251991166215421,1.21817158700508,0.239860370557289,1.2055505372049,0.197208868773497,1.30215282699209,0.202332108112214,1.3899371166379,0.220243900388079
5.50588181519358,1.05134461620319,0.252856486324135,0.989651293729331,0.267612685301482,1.06503184677568,0.222721220493333,1.04463590042524,0.23076301973836,1.1061642194528,0.19897276360031,1.07959819340155,0.198650842809906,1.22547670252824,0.213041437437801,1.2240199098265,0.212098470960338,1.30866958422401,0.266843562232821,1.28829818814416,0.279783847582829,1.09105921785087,0.248595722872719,1.08744800192234,0.253139417644582,0.900742243894858,0.394400031863876,0.885311433111321,0.334709709211379,1.21689055698635,0.252003529958545,1.21486389732109,0.240032981328607,1.20227704352294,0.197729584107945,1.30080080240828,0.202532017393174,1.38737756280029,0.220404806189395
5.53747791222,1.04753010813301,0.252991009360571,0.986756483649165,0.267728518699891,1.06151557685383,0.222903721569565,1.04088442676383,0.231156795978912,1.10303645167791,0.199186714036231,1.07632684754705,0.198862903728866,1.22291983286623,0.213244205229595,1.2217103031891,0.212314607183148,1.30378134879003,0.266976777223362,1.28371379908054,0.279906005983199,1.08752263453093,0.248616196713603,1.08385262584686,0.253187899184398,0.898132507610664,0.393861478743263,0.882511357257274,0.334659783203387,1.21322230304791,0.252015788293105,1.21155236398803,0.240205689698435,1.19900279770754,0.198251198144621,1.29943534180939,0.202732124112936,1.38480336954159,0.220565829477708
5.56925532685926,1.04371635687642,0.25312560385097,0.983861738808265,0.267844402128636,1.05799857299904,0.223086285042755,1.03713282801564,0.231550756489984,1.09990492825846,0.199400894445721,1.0730526932114,0.1990751909396,1.22035316787201,0.213447165941422,1.21938817717523,0.21253096360722,1.29889365714886,0.267109996909093,1.27912938831181,0.280028153229567,1.08398636897263,0.24863665410014,1.0802577967512,0.253236203054456,0.895522912105041,0.393323446932711,0.879711945233387,0.33460986458275,1.20955259535026,0.252027935460192,1.20823677166828,0.240378494321024,1.19572775434475,0.198773685891676,1.29805566412882,0.202932428462357,1.38221372585198,0.220726970335047
5.60121509962204,1.03990338391144,0.253260269828239,0.980967055593178,0.267960335604459,1.05448078664016,0.223268907432271,1.03338108182259,0.231944879767166,1.09676945536647,0.199615305072111,1.06977558485009,0.199287704679611,1.21777620804652,0.213650319753098,1.21705286122134,0.212747540454472,1.29400653997238,0.267243218997765,1.27454494735572,0.280150286914348,1.08045043115311,0.248657094141942,1.07666353334533,0.25328432143755,0.892913463185935,0.392785924767109,0.876913225954027,0.33455995334342,1.205881360022,0.252039966114528,1.20491690866679,0.240551394486902,1.19245186166635,0.199297026740315,1.29666101745549,0.203132930632905,1.37960781608645,0.220888228843297
5.63335827699013,1.03609120851257,0.253395007325402,0.978072429735539,0.268076319144187,1.05096216790418,0.22345158537815,1.02962916383317,0.232339144737671,1.09362984004405,0.199829946159028,1.06649537749186,0.199500445186697,1.21518845773213,0.213853666844588,1.21470368670606,0.212964337947061,1.28912002901748,0.267376441309902,1.26996046880971,0.280272404742919,1.07691483063575,0.248677515955369,1.07306985327541,0.253332246729305,0.890304166535989,0.392248900591768,0.874115227726992,0.334510049479119,1.20220852332708,0.252051874968129,1.20159256379945,0.240724389574325,1.18917506701289,0.199821200515138,1.29525065396769,0.203333630816286,1.37698482394984,0.221049605084372
5.66568591145064,1.03227985442783,0.253529816375274,0.975177858294796,0.268192352764479,1.0474426695412,0.223634315240854,1.02587705372907,0.232733529023181,1.09048588751183,0.200044817950245,1.06321192496004,0.199713412698784,1.2125894133416,0.214057207396038,1.21233998088499,0.213181356307322,1.28423415385706,0.267509661423226,1.26537594309368,0.280394504178533,1.07337957782856,0.248697918641942,1.06947677635095,0.253379970874834,0.887695028094138,0.391712362916098,0.871317980099532,0.334460152984042,1.1985340112307,0.25206365661257,1.19826352478225,0.240897478777145,1.18589731951743,0.20034618548938,1.29382381735103,0.203534529204259,1.37434393420752,0.221211099140285
5.69819906153051,1.02846938306937,0.253664697008839,0.972283349509596,0.26830843648059,1.04392226638588,0.223817091104552,1.02212476514842,0.23312800024369,1.08733738765497,0.200259920688907,1.05992507092916,0.199926607453054,1.20997850452639,0.214260941587935,1.20996103630066,0.213398595757472,1.27934892567626,0.267642874901324,1.26079134229378,0.280516580673628,1.0698446902502,0.248718301180352,1.06588434059546,0.253427482064158,0.885086055957099,0.39117630116508,0.868521523054165,0.334410263856313,1.19485774718276,0.252075304631484,1.19492957007109,0.241070659748988,1.18261858340463,0.200871948423913,1.2923796797891,0.203735625987718,1.37168434055346,0.22137271109356
5.73089879183114,1.02465987471582,0.253799649256167,0.969388917218426,0.268424570307066,1.04040094433537,0.223999905899013,1.01837232873867,0.233522520861761,1.08418412267686,0.20047525461796,1.05663465399011,0.200140029686439,1.20735512749621,0.214464869601015,1.2075661281073,0.213616056519774,1.27446434644951,0.267776076292009,1.25620662931251,0.280638628667312,1.06631018898124,0.24873866248757,1.06229259315606,0.253474766600478,0.882477259302459,0.390640705247783,0.865725901800602,0.334360382096025,1.19117965337325,0.252086812103024,1.19159047348334,0.24124392936578,1.17933883045877,0.201398450064317,1.290917377649,0.203936921357209,1.36900524115416,0.221534441026997
5.76378617306326,1.02085140978672,0.25393467314732,0.966494575301586,0.268540754258447,1.03687868936943,0.224182752522687,1.01461977527429,0.233917053057866,1.08102587472351,0.200690819980592,1.0533405126958,0.200353679636098,1.20471867821103,0.214668991616175,1.2051545313293,0.213833738816712,1.26958041808245,0.267909260124844,1.2516217669838,0.280760642581629,1.06277609512883,0.248759001479762,1.05870158124806,0.253521810763423,0.879868647315873,0.390105565131047,0.862931161587583,0.334310507703284,1.18749965198274,0.252098172100539,1.18824600880174,0.241417284488627,1.17605803252059,0.201925650704409,1.28943604703037,0.204138415503443,1.36630583420948,0.221696289023455
5.796862282082,1.01704406870158,0.254069768712368,0.963600337639375,0.268656988349268,1.03335548746782,0.224365623851163,1.01086713552972,0.234311558767092,1.07786242594096,0.200906617020235,1.05004248559913,0.200567557539429,1.20206855263082,0.214873307814478,1.20272552099105,0.214051642870984,1.26469714248073,0.26804242091865,1.24703671814157,0.280882616829061,1.05924242980011,0.248779317072748,1.05511135208671,0.25356860082319,0.877260229182998,0.389570870836149,0.860137347663848,0.334260640678196,1.18381766519178,0.252109377696388,1.18489594980902,0.24159072196955,1.17277616143082,0.202453510226853,1.28793482403287,0.204340108617307,1.36358531791931,0.221858255165844
5.83012820192213,1.01323793187994,0.254204935981381,0.960706218112092,0.268773272594062,1.02983132461032,0.224548512737152,1.00711444027942,0.234705999679179,1.07469355847522,0.201122645980568,1.04674041125302,0.200781663634062,1.19940414671557,0.215077818377147,1.20027837211695,0.214269768905506,1.25981452155001,0.268175553181512,1.24245144561974,0.281004545812538,1.05570921410222,0.248799608182002,1.0515219528873,0.253615123040682,0.874652014089489,0.389036612438695,0.85734450527814,0.334210781020866,1.18013361518094,0.252120421961975,1.18154007028792,0.241764238651471,1.16949318903021,0.202981988101868,1.28641284475616,0.204542000889859,1.36084289048351,0.222020339537127
5.86358502183353,1.00943307974132,0.254340174984434,0.957812230600038,0.26888960700736,1.02630618677667,0.224731412010484,1.00336172029786,0.235100337238611,1.07151905447232,0.201338907105512,1.04343412821039,0.200995998157867,1.19672485642526,0.215282523485567,1.19781235973139,0.214488117143414,1.25493255719593,0.268308651410783,1.23786591225225,0.281126423925447,1.05217646914233,0.248819873722653,1.04793343086511,0.253661363667646,0.872044011221005,0.388502780068508,0.854552679679198,0.334160928731399,1.17644742413079,0.252131297967794,1.17817814402117,0.241937831368206,1.16620908715947,0.203511043386011,1.28486924529988,0.204744092512329,1.35807775010196,0.222182542220322
5.89723383731687,1.00562959270525,0.254475485751605,0.954918388983513,0.269005991603688,1.02278005994665,0.224914314478101,0.999609006359494,0.235494532644771,1.06833869607828,0.201555400639234,1.04012347502414,0.201210561348946,1.19403007771987,0.215487423321287,1.19532675885876,0.21470668780806,1.25005125132415,0.268441710093091,1.23328008087302,0.281248245551637,1.04864421602758,0.248840112609484,1.04434583323541,0.253707308946821,0.869436229763199,0.387969363909508,0.851761916115764,0.334111083809899,1.1727590142219,0.252141998783476,1.17480994479151,0.242111496944452,1.16292382765936,0.204040634721053,1.2833031617637,0.204946383676121,1.35528909497455,0.222344863298499
5.93107575015945,1.00182759525155,0.25461086831081,0.952024720215929,0.269122426395916,1.01925295588373,0.225097210257807,0.995856368926328,0.235888535171071,1.06515224735751,0.201772126825106,1.03680827826767,0.201425353444482,1.19131912812318,0.215692518066224,1.19282080345129,0.214925481122617,1.24517058437839,0.268574721344529,1.22869389290612,0.28137000270991,1.04511248419538,0.248860323612822,1.04075922852996,0.25375294071494,0.866828681430868,0.387436355178864,0.848972272064647,0.334061246261054,1.16906830463065,0.252152516295333,1.17143523538757,0.242285230387879,1.1596373999816,0.204570706877765,1.28171364611143,0.205148874571579,1.35247613307751,0.222507302855315
5.96511186847132,0.998027395620341,0.254746322680939,0.949131305774231,0.269238911390005,1.01572499388732,0.225280078306821,0.992104043984143,0.236282244969479,1.06195939696488,0.201989085902397,1.03348831455398,0.201640374677046,1.18859099803511,0.215897807903319,1.19029355617227,0.215144497308802,1.24029044729123,0.268707667418959,1.22410720048176,0.281491677577175,1.04158133782563,0.248880504901507,1.03717377418411,0.253798222454709,0.864221388486873,0.386903749220931,0.846183856001321,0.334011416108664,1.1653752020052,0.252162837456777,1.16805373274841,0.242459019146296,1.15634986702811,0.20510114780844,1.28009939941482,0.205351565384068,1.34963811317375,0.222669860976693
5.99934330672151,0.994229194843109,0.254881848886129,0.946238195325687,0.269355446595926,1.01219623052099,0.225462904012896,0.988352170951146,0.236675590062893,1.05875987755675,0.202206278113136,1.03016338964854,0.20185562528225,1.18584486871989,0.216103293015177,1.18774417963843,0.215363736589523,1.23541078321528,0.268840536283089,1.21951990782393,0.281613258036307,1.03805082082837,0.248900654994546,1.03358957576502,0.2538431283275,0.861614367039951,0.386371539030179,0.843396746646914,0.333961593365365,1.16167962030564,0.252172952097191,1.1646651805697,0.242632855036869,1.15306124885078,0.205631877235191,1.27845932748357,0.205554456302108,1.34677426026053,0.222832537747327
6.03377118577458,0.990433189145024,0.255017446950746,0.943345437111487,0.269472032023822,1.00866671953572,0.225645673008773,0.984600884916256,0.237068499298552,1.05555342376198,0.202423703699699,1.02683331062371,0.202071105496054,1.18307992999818,0.216308973584547,1.1851718409472,0.215583199187941,1.23053153764429,0.268973316137992,1.21493192149206,0.281734732206871,1.03452097620495,0.248920772426206,1.03000673651457,0.253887632958052,0.859007632922938,0.385839717533704,0.84061102138864,0.333911778043283,1.1579814738198,0.252182850173834,1.16126932374648,0.242806730051025,1.14977156358042,0.20616281555767,1.27679234530565,0.205757547514514,1.34388379826917,0.222995333251912
6.06839663292727,0.986639575408172,0.255153116899114,0.940453079567733,0.269588667683799,1.00513651506691,0.225828370841719,0.980850321560112,0.23746090090181,1.05233976993985,0.202641362904681,1.0234978843732,0.202286815554627,1.1802953705212,0.216514849794345,1.18257570658359,0.215802885327429,1.22565265575202,0.269105995126591,1.21034314772641,0.281856088153146,1.03099184708088,0.248940855728146,1.02642535999243,0.253931710889674,0.856401202006386,0.385308277712629,0.837826757796032,0.333861970154607,1.15428067679074,0.252192521625297,1.15786590700989,0.242980636130335,1.14648082961042,0.206693882185584,1.2750973666146,0.205960839210241,1.34096595127668,0.223158247575206
6.10322078194544,0.982848549851274,0.255288858755578,0.937561170933704,0.269705353585978,1.00160567086177,0.226010983053627,0.977100615965825,0.237852722829054,1.04911865072186,0.202859255970927,1.02015691797112,0.202502755694377,1.17749038012109,0.216720921827652,1.17995494365105,0.21602279523158,1.22077408303537,0.269238561404505,1.20575349308953,0.281977313954829,1.0274634764563,0.248960903433736,1.02284554943735,0.253975336716479,0.853795090122762,0.384777212572797,0.835044033254514,0.333812169711446,1.15057714350674,0.252201956407035,1.1544546752566,0.243154565220774,1.14318906506902,0.207224995943987,1.27337330641074,0.206164331578425,1.33801994321293,0.223321280802018
6.1382447731012,0.979060308693843,0.255424672544479,0.93466975944891,0.269822089740469,0.998074240667989,0.226193495140841,0.973351903217217,0.238243892592963,1.04588980073922,0.203077383141518,1.01681021849135,0.202718926151937,1.17466414862861,0.216927189867712,1.17730871925226,0.216242929124202,1.21589576499083,0.269371003104504,1.20116286414362,0.282098397671568,1.02393590733146,0.248980914075892,1.01926740808846,0.254018485017525,0.851189313104582,0.384246515159429,0.832262925149733,0.333762376725905,1.14687078825604,0.252211144473628,1.15103537338309,0.24332850924544,1.13989628808478,0.207756074869723,1.27161907969285,0.206368024808363,1.33504499800799,0.223484433017214
6.17346975321022,0.975275048122718,0.255560558290145,0.931778893343171,0.269938876157374,0.994542278214106,0.226375892556254,0.969604318368685,0.238634337273345,1.04265295463653,0.203295744659768,1.01345759301665,0.202935327164166,1.17181586593265,0.217133654097936,1.17463620052039,0.21646328722932,1.21101764713084,0.26950330833836,1.19657116746675,0.282219327344812,1.02040918270044,0.249000886187181,1.01569103916907,0.254061130360624,0.848583886782486,0.383716178556323,0.829483510858264,0.333712591210077,1.14316152532908,0.252220075779781,1.14760774629398,0.243502460105927,1.1366025167732,0.208287036221944,1.26983360152212,0.206571919089514,1.33204033958465,0.223647704305719
6.2088968756693,0.971492964332558,0.255696516016898,0.928888620848622,0.270055712846784,0.991009837233256,0.226558160706921,0.965857996481663,0.239023983508403,1.03940784705518,0.20351434076923,1.01009884862766,0.203151958968148,1.16894472190821,0.2173403147019,1.17193655458131,0.216683869771173,1.206139674964,0.269635465194732,1.19197830963319,0.282340090995704,1.01688334555882,0.249020818299696,1.01211654590629,0.254103247298788,0.845978826987562,0.383186195886678,0.826705867758857,0.333662813176045,1.13944926901579,0.252228740279332,1.14417153889194,0.24367640968066,1.13330776925289,0.208817796470057,1.26801578694482,0.206776014611496,1.32900519186746,0.223811094752515
6.24452730049414,0.967714253522245,0.255832545749052,0.925998990198656,0.270172599818776,0.987476971461041,0.226740284954347,0.962113072621392,0.239412757497987,1.03615421263482,0.203733171713689,1.00673379240388,0.203368821801189,1.16604990642277,0.217547171863347,1.16920894855694,0.216904676974218,1.20126179399685,0.269767461739422,1.18738419721515,0.282460676625345,1.01335843890296,0.249040708945068,1.00854403152926,0.254144810371096,0.843374149551141,0.382656560312942,0.823930073231429,0.333613042635889,1.13573393360582,0.252237127925455,1.1407264960786,0.243850349825036,1.13001206364417,0.209348271295585,1.26616455099913,0.20698031156409,1.3259387787819,0.223974604442641
6.28036219435729,0.963939111890003,0.255968647510907,0.923110049626466,0.27028953708342,0.983943734632678,0.22692225061488,0.958369681852523,0.23980058500743,1.0328917860154,0.203952237737167,1.00336223142498,0.203585915900824,1.16313060934497,0.217754225766186,1.16645254956982,0.217125709063127,1.19638394973629,0.269899286015701,1.18278873678517,0.28258107221512,1.0098345057291,0.249060556654482,1.00497359926681,0.254185794103727,0.840769870304516,0.382127265036642,0.821156204655719,0.333563279601678,1.13201543338883,0.252245228670899,1.13727236275574,0.24402427237163,1.12671541806708,0.20987837559479,1.26427880872451,0.207184810137239,1.32284032425329,0.224138233461196
6.31640273062641,0.960167735633013,0.256104821326759,0.92022184736494,0.270406524650774,0.980410180482771,0.227104042959827,0.954627959238761,0.240187391370403,1.02962030183726,0.20417153908392,0.999983972770906,0.203803241504811,1.1601860205453,0.217961476594493,1.16366652474348,0.217346966262786,1.19150608768969,0.270030926044406,1.17819183491629,0.282701265726805,1.00631158903327,0.249080359958687,1.00140535234727,0.254226173010562,0.83816600507892,0.381598303298303,0.818384339411173,0.333513524085475,1.12829368265459,0.252253032468113,1.13380888382541,0.244198169130216,1.12341785064126,0.21040802348024,1.26235747516241,0.207389510521044,1.31970905220674,0.224301981893334
6.35265008940263,0.956400320948361,0.256241067220891,0.917334431646936,0.270523562530885,0.976876362745872,0.227285647215504,0.950888039843733,0.240573101491651,1.02633949474081,0.204391075998443,0.996598823521643,0.204020798851132,1.15721532989444,0.218168924532508,1.16085004120152,0.217568448798302,1.18662815336447,0.270162369823968,1.17359339818161,0.282821245102592,1.00278973181151,0.249100117387989,0.997839393998905,0.254265921593677,0.835562569705581,0.38106966837741,0.815614554877214,0.333463776099336,1.12456859569285,0.252260529269331,1.13033580418968,0.244372031887734,1.12011937948631,0.210937128282313,1.26039946535444,0.207594412905771,1.31654418656734,0.22446584982427
6.38910545755924,0.952637064033139,0.25637738521758,0.914447850705311,0.270640650733791,0.973342335156535,0.227467048563345,0.947150058731063,0.240957639850174,1.02304909936644,0.204610848725465,0.993206590757169,0.204238588177998,1.15421772726306,0.218376569764641,1.15800226606754,0.217790156894996,1.18175009226807,0.270293605330486,1.1689933331542,0.282940998265177,0.999268977059842,0.249119827472256,0.994275827450004,0.254305014343952,0.832959580015727,0.380541353592343,0.812846928433263,0.333414035655306,1.12084008679337,0.252267709026693,1.12685286875061,0.244545852408298,1.1168200227218,0.211465602551306,1.25840369434222,0.207799517481846,1.31334495126015,0.224629837339276
6.42577002878051,0.948878161084705,0.256513775341091,0.911562152773007,0.270757789269516,0.96980815144947,0.227648232140017,0.943414150964624,0.241340930502613,1.01974885035443,0.204830857509952,0.989807081557392,0.204456609723843,1.15119240252133,0.218584412475467,1.15512236646489,0.218012090778405,1.17687184990778,0.270424620517807,1.16439154640703,0.283060513117834,0.995749367774336,0.249139488740921,0.990714755928973,0.254343425741684,0.830357051840603,0.38001335230032,0.810081537458818,0.333364302765426,1.11710807024589,0.252274561692364,1.12335982241021,0.244719622433196,1.11351979846746,0.211993358059858,1.25636907716685,0.208004824439857,1.31011057021032,0.224793944523681
6.46264500360081,0.945123808300537,0.256650237615681,0.908677386082994,0.270874978148078,0.966273865359456,0.227829183037558,0.939680451608388,0.241722897086966,1.01643848234502,0.205051102597105,0.986400103002178,0.204674863727328,1.14813854553921,0.218792452849727,1.1522095095168,0.218234250674285,1.17199337179083,0.270555403317625,1.15978794451298,0.283179777544525,0.992230946951088,0.249159099722983,0.987156282664274,0.254381130257268,0.827755001011455,0.379485657897332,0.807318459333406,0.333314577441727,1.11337246034014,0.25228107721866,1.11985641007044,0.244893333680914,1.11021872484302,0.212520305805853,1.25429452886919,0.208210333970554,1.30684026734302,0.224958171462873
6.4997315894439,0.941374201877999,0.256786772065599,0.905793598868218,0.270992217379479,0.962739530621209,0.228009886303541,0.935949095726232,0.242103462826589,1.01311772997851,0.205271584232365,0.982985462171451,0.20489335042734,1.14505534618693,0.219000691072332,1.14926286234665,0.218456636808608,1.16711460342454,0.270685941639596,1.15518243404504,0.283298779410013,0.988713757586189,0.249178658947014,0.983600510884329,0.254418102351921,0.825153443359535,0.378958263818084,0.804557771436531,0.333264859696233,1.10963317136587,0.252287245558195,1.11634237663333,0.245066977847165,1.1069168199682,0.213046356015726,1.25217896449039,0.20841604626485,1.3035332665834,0.225122518242298
6.53703100066247,0.937629538014462,0.256923378715081,0.902910839361626,0.271109506973714,0.959205200969475,0.22819032694122,0.932220218382033,0.242482550534313,1.00978632789535,0.205492302661406,0.979562966145263,0.205112070062993,1.14194199433521,0.219209127328357,1.14628159207833,0.218679249407565,1.16223549031624,0.270816223371431,1.15057492157622,0.283417506559968,0.985197842675746,0.249198164941155,0.980047543817545,0.254454316478373,0.822552394716076,0.378431163535925,0.801799551147672,0.333215149540961,1.10589011761286,0.252293056664008,1.112817467001,0.245240546604901,1.10361410196271,0.213571418148038,1.25002129907223,0.208621961513817,1.30018879185718,0.22528698494746
6.57454445857791,0.933890012910311,0.257060057588358,0.90002915579796,0.271226846940765,0.955670930143004,0.228370489909668,0.928493954642393,0.242860082616626,1.00644401074758,0.205713258130143,0.976132422014479,0.205331022873627,1.13879767988994,0.219417761803047,1.14326486587074,0.218902088697562,1.15735597797766,0.27094623637902,1.14596531368504,0.283535946821096,0.981683245219896,0.249217616233149,0.97649748469434,0.254489747081495,0.819951870912727,0.377904350563061,0.799043875846425,0.333165446987919,1.10214321337403,0.25229850048993,1.10928142608561,0.245414031604338,1.10031058894873,0.214095400897766,1.24782044770057,0.208828079908691,1.29680606712817,0.225451571663922
6.61227319152028,0.9301558227048,0.257196808709646,0.897148596375595,0.271344237290601,0.952136771798755,0.228550360124562,0.92477043951876,0.243235981083283,1.00309051294851,0.205934450884723,0.972693636647551,0.205550209098806,1.13562159203117,0.21962659468181,1.14021185015975,0.219125154905225,1.1524760118312,0.27107596850649,1.14135351683749,0.283654088000831,0.978170008136734,0.249237011349921,0.972950436704756,0.254524368601872,0.817351887773196,0.377377818445091,0.796290822910684,0.333115752049106,1.09839237287766,0.252303566985923,1.1057339985935,0.245587424473103,1.09700629899844,0.214618212193319,1.24557532455142,0.20903440164087,1.29338431557365,0.225616278477302
6.65021843486858,0.926427164308096,0.257333632103193,0.894269209751493,0.271461678033241,0.948602780625416,0.228729922450438,0.921049808718043,0.243610167487661,0.999725571923721,0.206155881171567,0.969246419719242,0.205769628978339,1.13241292909864,0.219835626150254,1.13712172050579,0.219348448257416,1.14759553842569,0.271205407576913,1.13673943891904,0.283771917893057,0.974658175379119,0.249256348822938,0.969406503547834,0.254558155440079,0.814752461221094,0.376851560830784,0.793540469739477,0.333066064736547,1.09463751116793,0.252308246160547,1.1021749318275,0.245760716814647,1.09370125081452,0.215139759297071,1.24328485528239,0.209240926901941,1.28992277029655,0.225781105473316
6.68838143109112,0.922704232214196,0.25747052779311,0.891391043145335,0.271579169178497,0.945069008078038,0.228909161731257,0.917332195767476,0.243982563179194,0.996348915657717,0.206377549237221,0.965790572108726,0.205989282752212,1.12917086072349,0.220044856394057,1.13399362387073,0.219571968981148,1.14271450077958,0.271334541390216,1.13212298336625,0.283889424256781,0.971147787656771,0.249275627167715,0.965865787327341,0.254591082097404,0.812153606866944,0.376325571204631,0.790792893665626,0.333016385062151,1.0908785407317,0.252312527842411,1.09860396495256,0.245933900214474,1.09039546112358,0.215659948443361,1.24094792956514,0.209447655883563,1.28642063329052,0.22594605273761
6.72676342978627,0.918987222799281,0.257607495803597,0.888514144896434,0.271696710736321,0.941535508130659,0.229088062749671,0.913617735892246,0.244353088975545,0.992960279489562,0.206599455328558,0.962325901546909,0.206209170660678,1.12589457890077,0.22025428559914,1.13082672949464,0.219795717303708,1.13783284466148,0.271463357726297,1.12750405708136,0.284006594845199,0.9676388882058,0.249294844911459,0.962328391389755,0.254623122988025,0.809555340565159,0.375799843247715,0.788048172073524,0.332966713037904,1.08711537604801,0.252316402002255,1.09502084347301,0.246106966231825,1.08708894819159,0.216178685338453,1.23856346510428,0.209654588777627,1.28287713078322,0.22611112035599
6.76536568772337,0.915276369387982,0.257744536160802,0.885638585323191,0.271814302719682,0.938002384206638,0.229266609892186,0.909906597649404,0.244721662432867,0.989559543132477,0.20682159969443,0.958852350268377,0.206429292944905,1.12258371464226,0.220463913953121,1.12762064395194,0.220019693453658,1.13295056982653,0.271591844369582,1.12288263499986,0.284123417642302,0.964131569856928,0.249314000818692,0.958794443476707,0.254654250899834,0.806957682957879,0.375274373765417,0.785306383359955,0.332917048677447,1.08334797070316,0.252319861379545,1.09142543733852,0.246279906331427,1.0837817605024,0.216695879239912,1.2361309299077,0.209861725777597,1.27929196473117,0.226276308416306
6.80418946888385,0.911572000703203,0.257881648895919,0.88276449149243,0.271931945149354,0.93446986740399,0.229444786589229,0.906199035656496,0.245088193265716,0.986146959063726,0.207043982588447,0.955370207786867,0.206649649848078,1.11923903247051,0.220673741647745,1.12437610298414,0.220243897662529,1.12806781541931,0.271719989149925,1.11825886771417,0.284239881257778,0.960626053490648,0.249333094267431,0.955264134316376,0.254684434427167,0.804360667048761,0.374749167540844,0.78256760853557,0.332867391998708,1.07957637925578,0.252322905860678,1.08781793780798,0.246452711769382,1.0804740245604,0.217211449815533,1.23365121282843,0.210069067080745,1.27566606538983,0.226441617011612
6.84323604450262,0.907874469749934,0.258018834041437,0.879892004915378,0.272049638048107,0.930938221318228,0.229622575992263,0.90249532643638,0.24545258885986,0.98272287464151,0.20726660426563,0.951879852010287,0.206870241614075,1.11586158542446,0.220883768875951,1.12109412974346,0.22046833016278,1.12318475606375,0.271847779893373,1.11363295052742,0.284355974448596,0.957122592580446,0.249352124791803,0.951737670669155,0.254713641093279,0.801764328987915,0.374224231355848,0.779831929276368,0.332817743020692,1.07580068196535,0.252325537152839,1.08419861792426,0.246625373731238,1.0771658867288,0.217725318985953,1.23112556437203,0.210276612885451,1.27200067565776,0.226607046236349
6.88250669310974,0.904184128389501,0.258156091629789,0.877021266422936,0.27216738143863,0.927407708014271,0.229799961216607,0.898795745480187,0.245814756257014,0.979287632755276,0.207489464981218,0.948381656683313,0.207091068486992,1.11245241295441,0.221093995830824,1.11777573384558,0.220692991187077,1.11830156471272,0.271975204404626,1.10900507663685,0.28447168594783,0.953621439064708,0.249371091918487,0.948215258540327,0.254741838467926,0.799168704777242,0.373699571862132,0.777099427226996,0.332768101762346,1.07202095788084,0.252327756879657,1.08056774687833,0.246797883381483,1.0738574924355,0.218237407991164,1.22855521801082,0.21048436339024,1.26829702370858,0.22677259618498
6.92200270057223,0.900501328463435,0.258293421693418,0.874152416834237,0.27228517534362,0.923878589530547,0.229976925330991,0.895100568261197,0.246174602075206,0.975841576217118,0.20771256499072,0.944875995478551,0.207312130711167,1.1090125542754,0.221304422705642,1.11442192467184,0.220917880968325,1.11341841429016,0.272102250467983,1.10437543920328,0.284587004472384,0.950122844855253,0.249389995173941,0.944697103922109,0.254768994119268,0.796573830416083,0.373175195675309,0.774370184031564,0.3327184682426,1.06823728603032,0.252329566665353,1.07692559379446,0.246970231861412,1.0705489870922,0.218747637526539,1.22594140692225,0.210692318793822,1.26455633746097,0.226938266952047
6.9617253601362,0.89682642181482,0.258430824264774,0.871285596969333,0.272403019785786,0.920351127907554,0.230153451357652,0.891410070254087,0.246532032515299,0.972385047845163,0.207935904549916,0.941363242074234,0.207533428531178,1.10554304862084,0.221515049693876,1.11103371162182,0.221142999739664,1.10853547772231,0.272228905847518,1.09974423139039,0.284701918723286,0.946627061865979,0.249408834084544,0.941183412807746,0.254795075614239,0.793979741903983,0.372651109376725,0.771644281334229,0.332668842480374,1.06444974544344,0.252330968136319,1.07327242780214,0.247142410289141,1.06724051611188,0.219255927751494,1.22328536430677,0.210900479295095,1.26077984485349,0.22710405863218
7.00167597246921,0.893159760286697,0.258568299376314,0.868420947648252,0.272520914787849,0.916825585185743,0.230329522272655,0.887724526933498,0.246886953369657,0.968918390457418,0.208159483914855,0.937843770148479,0.207754962191844,1.10204493522376,0.221725876989192,1.10761210409478,0.221368347734474,1.10365292793532,0.272355158287249,1.09511164636178,0.284816417385832,0.943134342010732,0.249427608176585,0.93767439119045,0.254820050519948,0.791386475240475,0.372127319513365,0.768921800779137,0.332619224494577,1.06065841514986,0.252331962920964,1.06960851803075,0.247314409759668,1.06393222490747,0.21976219829576,1.22058832336438,0.211108845093141,1.25696877382433,0.22726997132009
7.04185584570281,0.889501695722047,0.258705847060504,0.865558609690987,0.272638860372541,0.913302223405477,0.230505121006216,0.884044213774015,0.24723927003104,0.96544194687162,0.208383303341861,0.934317953379153,0.207976731938225,1.09851925331637,0.221936904785447,1.10415811148915,0.221593925186371,1.09877093785525,0.272480995511311,1.09047787728094,0.284930489129745,0.939644937203273,0.249446316976266,0.934170245063396,0.254843886405066,0.78879406642509,0.371603832597902,0.76620282401044,0.332569614304104,1.05686337417914,0.25233255264969,1.06593413360944,0.247486221344934,1.06062425889188,0.220266368266105,1.21785151729403,0.211317416387233,1.25312435231076,0.22743600511057
7.08226629547544,0.885852579963861,0.258843467349817,0.862698723917535,0.272756856562604,0.909781304607138,0.23068023044303,0.880369406250232,0.247588887501839,0.961956059905586,0.208607363087528,0.930786165444194,0.208198738015623,1.09496704213115,0.222148133276696,1.1006727432036,0.221819732329215,1.09388968040819,0.272606405224139,1.08584311731136,0.285044122609339,0.936159099357381,0.2494649600097,0.930671180419761,0.254866550841242,0.786202551457353,0.371080655108743,0.763487432672282,0.332520011927841,1.05306470156086,0.252332738954873,1.06224954366742,0.24765783609389,1.05731676347798,0.220768356253358,1.21507617929503,0.211526193376829,1.24924780825036,0.227602160098498
7.12290864497543,0.882212764855153,0.258981160276737,0.85984143114791,0.272874903380792,0.906263090831131,0.230854833422623,0.876700379836765,0.247935710403671,0.958461072377154,0.208831663408722,0.927248780021567,0.208420980669582,1.09138934090058,0.222359562657186,1.09715700863684,0.222045769397098,1.08900932852027,0.272731375110652,1.0812075596166,0.285157306463689,0.932677080386861,0.249483536802917,0.927177403252747,0.254888011404568,0.783611966336805,0.37055779349008,0.760775708408824,0.332470417384659,1.04926247632465,0.252332523470835,1.05855501733393,0.247829245032566,1.05400988407871,0.221268080339693,1.21226354256668,0.211735176261577,1.2453403695807,0.227768436378836
7.16378422498442,0.878582602238927,0.259118925873751,0.856986872202116,0.27299300084987,0.902747844117847,0.231028912739708,0.87303741000822,0.248279642987334,0.954957327104147,0.209056204562583,0.923706170789218,0.208643460145888,1.08778718885714,0.222571193121358,1.09361191718756,0.222272036624358,1.08413005511758,0.272855892836444,1.07657139736018,0.285270029316803,0.929199132205505,0.249502046881861,0.923689119555545,0.254908235677082,0.78102234706298,0.370035254151933,0.758067732864218,0.332420830693421,1.04545677750009,0.252331907833817,1.0548508237382,0.248000439164137,1.05070376610697,0.221765458106203,1.20941484030825,0.211944365241309,1.24140326423936,0.227934834046629
7.20489437392084,0.874962443958153,0.259256764173358,0.85413518790014,0.273111148992614,0.899235826507653,0.231202451144554,0.869380772239172,0.248620589143113,0.951445166904352,0.209280986806521,0.920158711425056,0.208866176690567,1.08416162523325,0.22278302486385,1.09003847825437,0.222498534245566,1.07925203312617,0.272979946047981,1.07193482370557,0.285382279777796,0.925725506727066,0.249520489772395,0.920206535321312,0.25492719124831,0.77843372963539,0.36951304347019,0.755363587682596,0.332371251872973,1.04164768411674,0.252330893681946,1.0511372320094,0.248171409469005,1.04739855497564,0.222260406640765,1.20653130571899,0.212153760516049,1.23743772016383,0.228101353197004
7.2462404378838,0.871352641855841,0.259394675208064,0.851286519061991,0.273229347831813,0.895727300040945,0.231375431343374,0.865730742004233,0.248958452411447,0.947924934595598,0.209506010398221,0.916606775607035,0.20908913054989,1.08051368926138,0.222995058079492,1.08643770123597,0.222725262495539,1.07437543547216,0.273103522372804,1.06729803181631,0.285494046441078,0.922256455865343,0.249538865000297,0.916729856543247,0.254944845716856,0.775846150053574,0.368991167786677,0.752663354508115,0.332321680942155,1.03783527520421,0.252329482655224,1.04741451127678,0.24834214690487,1.04409439609763,0.222752842546177,1.20361417199819,0.212363362286005,1.23344496529169,0.228267993925176
7.28782377069714,0.867753547775,0.259532659010381,0.848441006507678,0.273347597390264,0.892222526758125,0.231547835998721,0.862087594778015,0.249293135993958,0.944396972995717,0.209731275595642,0.913050737013112,0.20931232197037,1.076844420174,0.223207292963312,1.08281059553104,0.222952221609329,1.06950043508166,0.273226609419737,1.06266121485593,0.285605317886535,0.918792231534138,0.249557172091269,0.913259289214546,0.254961166692027,0.773259644317071,0.368469633409196,0.749967114984934,0.33227211791979,1.03401962979211,0.252327676395493,1.04368293066955,0.24851264240682,1.04079143488587,0.223242681948602,1.20066467234511,0.212573170751577,1.22942622756051,0.228434756326439
7.32964573395378,0.864165513558624,0.259670715612832,0.845598791057201,0.273465897690778,0.888721768699573,0.231719647729897,0.858451606035113,0.249624542764834,0.940861624922519,0.209956782657015,0.90949096932122,0.209535751198761,1.07315485720357,0.223419729710532,1.07915817053824,0.22317941182223,1.06462720488075,0.273349194779099,1.05802456598796,0.285716082679726,0.915333085647228,0.24957541057093,0.909795039328388,0.254976121795494,0.770674248425407,0.367948446611576,0.747274950757198,0.332222562824694,1.03020082691001,0.252325476546409,1.03994275931694,0.248682886887407,1.03748981675324,0.223729840506289,1.19768403995905,0.21278318611335,1.22538273490782,0.228601640496174
7.37170769706025,0.860588891049708,0.259808845047946,0.842760013530562,0.273584248756176,0.885225287905678,0.231890849113372,0.854823051250127,0.249952575282582,0.937319233193821,0.210182531840844,0.905927846209301,0.209759418482062,1.06944603958254,0.223632368516569,1.07548143565625,0.223406833369778,1.05975591779553,0.273471266022925,1.05338827837589,0.28582632937207,0.911879270118398,0.249593579964823,0.906337312877958,0.254989678663007,0.768089998378113,0.367427613633728,0.744586943469057,0.332173015675668,1.02637894558751,0.252322884753417,1.03619426634815,0.248852871236739,1.03418968711265,0.224214233418597,1.19467350803925,0.212993408572101,1.22131571527118,0.228768646529846
7.41401103728161,0.857024032091251,0.25994704734826,0.839924814747762,0.273702650609291,0.881733346416829,0.232061422683228,0.851202205897659,0.250277135802138,0.933770140627439,0.21040852340591,0.902361741355295,0.209983324067515,1.06571900654338,0.223845209577037,1.07178140028374,0.223634486487746,1.0548867467521,0.273592810705188,1.04875254518325,0.285936046501053,0.908431036861434,0.249611679798414,0.902886315856442,0.255001804946136,0.765506930174719,0.3669071406817,0.74190317476466,0.332123476491501,1.0225540648542,0.252319902663728,1.03243772089241,0.24902258632257,1.030891191377,0.224695775435307,1.19163430978501,0.213203838328794,1.21722639658813,0.228935774523001
7.45655713978647,0.853471288526253,0.260085322546319,0.837093335528806,0.273821103272965,0.878246206273416,0.232231350931597,0.847589345452311,0.250598126287346,0.930214690041195,0.210634757611266,0.898793028437146,0.210207468202605,1.06197479731854,0.224058253087745,1.06805907381936,0.223862371412153,1.05001986467654,0.273713816362032,1.04411755957356,0.286045222590431,0.904988637790125,0.249629709597094,0.899442254257026,0.255012468314065,0.762925079814758,0.366387033927733,0.739223726288158,0.332073945290972,1.01872626373967,0.252316531926292,1.02867339207893,0.249192022990396,1.02759447495921,0.225174380866233,1.18856767839558,0.21341447558458,1.21311600679624,0.229103024571274
7.4993473976924,0.849931012197709,0.260223670674677,0.834265716693694,0.273939606770055,0.874764129515824,0.232400616309133,0.84398474538868,0.250915448423801,0.926653224252901,0.210861234716241,0.895222081132791,0.21043185113506,1.05821445114048,0.224271499244698,1.06431546566181,0.224090488379253,1.04515544449496,0.273834270512007,1.03948351471033,0.286153846150438,0.901552324818252,0.249647668886179,0.896005334072894,0.255021636455417,0.760344483297757,0.365867299510313,0.736548679683699,0.332024422092848,1.01489562127351,0.252312774191771,1.02490154903693,0.249361172063552,1.02429968327217,0.225649963591132,1.18547484707024,0.213625320540802,1.20898577383305,0.22927039677038
7.54238321211153,0.846403554948606,0.260362091765894,0.831442099062426,0.274058161123426,0.871287378184418,0.232569201225479,0.840388681181347,0.251229003632057,0.923086086080341,0.211087954980439,0.891649273120148,0.210656473112854,1.05443900724161,0.224484948244099,1.0605515852097,0.224318837625548,1.04029365913343,0.27395416065631,1.03485060375707,0.286261905677999,0.8981223498596,0.249665557190914,0.892575761297223,0.255029277080122,0.757765176623252,0.365347943534235,0.733878116595431,0.331974906915883,1.0110622164853,0.252308631112519,1.02112246089562,0.249530024343314,1.02100696172878,0.226122437069913,1.18235704900822,0.213836373398992,1.20483692563607,0.22943789121612
7.5856659921964,0.842889268622642,0.26050058585254,0.82862262345524,0.274176766355956,0.867816214320756,0.23273708804972,0.83680142830595,0.251538693081002,0.919513618342888,0.211314918663738,0.888074978078368,0.210881334384201,1.05064950485666,0.224698600282345,1.05676844186334,0.224547419387776,1.0354346815186,0.274073474279018,1.03021901987797,0.286369389656913,0.894698964828286,0.249683374036468,0.889153741923733,0.255035357921277,0.755187195790767,0.364828972070601,0.73121211866776,0.331925399778821,1.00722612840534,0.252304104342459,1.01733639678454,0.24969857060896,1.01771645574234,0.226591714352906,1.17921551741048,0.21404763436087,1.2006706901444,0.229605508004381
7.62919715518614,0.839388505060856,0.260639152967192,0.825807430691478,0.274295422490533,0.864350899961965,0.232904259111059,0.833223262234199,0.25184441770273,0.915936163854027,0.211542126026293,0.884499569682017,0.211106435197564,1.04684698321176,0.224912455556032,1.05296704501685,0.22477623390292,1.03057868457504,0.27419219884741,1.02558895623468,0.286476286558257,0.891282421637163,0.24970111894795,0.885739481944114,0.255039846737341,0.752610576799846,0.36431039115713,0.728550767544115,0.331875900700392,1.00338743606125,0.252299195537498,1.01354362583202,0.249866801618074,1.01442831072464,0.227057708092782,1.17605148547161,0.214259103628346,1.1964882952913,0.229773247231131
7.67297812645286,0.835901616087379,0.260777793142436,0.822996661584812,0.274414129550061,0.860891697116974,0.233070696700056,0.829654458412852,0.252146078210826,0.91235406538974,0.211769577328535,0.880923421576466,0.211331775801649,1.0430324814783,0.225126514261952,1.04914840402493,0.225005281408205,1.02572584121444,0.274310321812534,1.02096060597291,0.286582584841419,0.887872972191068,0.249718791450456,0.882333187337145,0.255042711315191,0.750035355650209,0.363792206799247,0.725894144861724,0.331826409699318,0.999546218463694,0.252293906357372,1.00974441715889,0.250034708107477,1.01114267207777,0.2275203305604,1.1728661863458,0.21447078140352,1.19229096897293,0.229941108992426
7.71701033954831,0.832428953463026,0.260916506410876,0.820190456927642,0.274532887557461,0.85743886768918,0.233236383071534,0.826095292195246,0.252443575127978,0.9087676655857,0.211997272831173,0.877346907297824,0.211557356445407,1.03920703862289,0.225340776597098,1.04531352809482,0.225234562141099,1.0208763243,0.274427830610461,1.01633416217854,0.286688272956925,0.884470868364776,0.249736391069218,0.878935064033259,0.255043919475603,0.747461568342171,0.363274424973488,0.723242332234562,0.331776926794309,0.995702554559857,0.252288238471678,1.00593903985782,0.250202280796012,1.00785968516752,0.227979493671663,1.16966085303606,0.214682667888686,1.18807993894665,0.230109093384406
7.76129523625085,0.828970869520193,0.261055292805053,0.817388957704311,0.274651696535592,0.853992674534791,0.233401300412628,0.822546039778123,0.252736808624123,0.905177308344462,0.212225212795174,0.873770401368669,0.211783177378023,1.03537169546131,0.225555242758644,1.04146342776524,0.225464076339306,1.01603030713222,0.274544712648987,1.01170981847736,0.286793339311113,0.881076362304353,0.249753917327551,0.875545318399327,0.255043439028006,0.744889250870556,0.362757051581693,0.720595411486441,0.331727452004039,0.991856523870117,0.252282193476839,1.00212776327568,0.250369510348138,1.0045794956873,0.228435108788396,1.16643671991054,0.214894763286306,1.18385643422316,0.230277200503292
7.80583426661263,0.825527706529335,0.26119415235871,0.8145923015204,0.274770556508665,0.850553363736913,0.233565431387975,0.819006962511145,0.253025681498901,0.901583315266578,0.212453397482146,0.870194260946048,0.212009238849151,1.03152746025626,0.225769912944185,1.03759909013583,0.225693824240873,1.01118795531408,0.274660955535244,1.00708775899116,0.286897772862342,0.877689701380201,0.249771369781301,0.872164149119322,0.255041238565078,0.742318439327006,0.362240093218052,0.717953460747396,0.331677985347657,0.988008195824291,0.25227577428647,0.998310852284322,0.250536387986265,1.00130224356355,0.228887090270494,1.16319499730545,0.215107067799399,1.17962166174934,0.230445430445439
7.85062888900708,0.822099695987853,0.261333085118719,0.811800588784349,0.27488946751572,0.847120996721749,0.233728764304966,0.815478158290855,0.253310127354689,0.897985762427441,0.212681827158041,0.866618652008009,0.212235541111182,1.02767498288991,0.225984787353961,1.03372124426307,0.225923806085182,1.00634934970587,0.27477654923065,1.00246806321146,0.28700156876938,0.874311080386829,0.249788748345134,0.868791670295335,0.255037294970395,0.739749170869065,0.361723564415092,0.715316517482265,0.331628526849695,0.984157528764016,0.252268998299232,0.994488522489447,0.250702911295979,0.998028005233573,0.229335389133581,1.15993663098684,0.215319581635229,1.17537658556913,0.230613783307838
7.89568057017665,0.81868699201402,0.261472091141164,0.809013893921005,0.275008429606186,0.843695505925707,0.233891291420946,0.811959610835645,0.253590101441795,0.894384554393878,0.212910502091949,0.863043606986881,0.212462084418503,1.0238146629021,0.226199866190125,1.02983043895056,0.226154022112625,1.00151451197196,0.274891485341555,0.997850737541601,0.287104726529647,0.870940657392532,0.249806053184465,0.865427936945847,0.255031590930997,0.737181483398861,0.361207485185958,0.712684590749732,0.331579076538437,0.980304403431675,0.252261893030591,0.990660955082528,0.250869082321822,0.994756812785141,0.229779982252555,1.15666238190849,0.215532305004099,1.17112200004961,0.230782259187946
7.94099078528089,0.815289747215647,0.261611170482364,0.80623229084799,0.275127442829751,0.840276821267328,0.234053005062556,0.808451301635153,0.25386555954009,0.890779592384905,0.213139422553321,0.859469155708198,0.212688869025799,1.01994689494608,0.226415149655079,1.02592721948344,0.226384472563863,0.996683462621105,0.275005755498709,0.993235786958171,0.287207245729878,0.867578589748663,0.249823284469717,0.862073002935995,0.255024109284253,0.734615414833023,0.360691875537979,0.710057689053967,0.331529634442222,0.976448699054893,0.252254486191749,0.986828330583225,0.251034903204556,0.991488697440299,0.230220847196946,1.15337300741676,0.215745238116586,1.16685869624581,0.230950858183318
7.98656101794466,0.811908114236247,0.261750323198691,0.803455853494936,0.275246507236155,0.836864872724621,0.234213897546829,0.804953212231667,0.254136457534442,0.887170777698589,0.21336858881192,0.855895328059055,0.212915895188021,1.01607207379046,0.226630637951441,1.02201213122987,0.226615157679805,0.991856222189474,0.275119351324419,0.988623216471537,0.287309125959488,0.864225034823559,0.249840442371319,0.858726922158194,0.255014832903837,0.73205100308787,0.360176755361334,0.707435820912265,0.331480200589371,0.972590294897099,0.252246805487155,0.982990829527119,0.251200376092161,0.988223690441568,0.230657961718745,1.15006926494312,0.215958381183489,1.16258746529096,0.231119580391596
8.03239276030681,0.808542245716219,0.261889549346577,0.800684655790421,0.275365622875199,0.833459590270411,0.234373961183403,0.801465324162881,0.254402751432109,0.883558011626107,0.213598001137817,0.852322153921184,0.213143163160384,1.01219059419379,0.226846331282044,1.01808571955082,0.226846077701616,0.987032811210811,0.275232264433566,0.984013031089104,0.287410366812751,0.860880149984067,0.24985752705982,0.855389748502474,0.255003744703819,0.729488286079745,0.359662144432093,0.704818994840773,0.331430775008186,0.968729070218597,0.252238878619246,0.979148632448387,0.251365503142028,0.984961823029678,0.231091303767227,1.14675191191165,0.216171734415823,1.15830909831147,0.231288425910509
8.07848751306896,0.805192294298705,0.262028848982512,0.797918771663943,0.275484789796737,0.830060903882113,0.234533188274467,0.797987618970552,0.254664397367711,0.879941195464744,0.213827659801392,0.848749663181068,0.21337067319837,1.00830285092357,0.227062229849936,1.01414852981365,0.227077232870712,0.982213250220957,0.275344486433675,0.979405235820865,0.287510967888469,0.857544092598328,0.24987453870588,0.85206153586096,0.254990827639438,0.726927301724953,0.359148062412068,0.702207219356638,0.331381357726953,0.964864904282442,0.252230733287395,0.975301919882426,0.251530286520585,0.981703126446933,0.231520851488874,1.14342170575301,0.216385298024826,1.15402438643981,0.231457394837876
8.12484678554468,0.801858412625117,0.262168222163045,0.795158275044418,0.275604008050685,0.826668743534247,0.234691571115234,0.794520078193877,0.254921351611152,0.876320230507938,0.214057565073337,0.845177885722195,0.213598425557727,1.00440923874164,0.227278333858381,1.01020110738169,0.22730862342876,0.977397559754435,0.275456008925216,0.97479983567518,0.287610928790225,0.85421702003367,0.249891477480276,0.848742338124456,0.25497606470867,0.724368087939823,0.358634528849435,0.69960050297638,0.331331948773939,0.960997676349956,0.252222397188246,0.971450872363865,0.251694728403528,0.978447631934642,0.231946583230754,1.14007940389371,0.216599072221956,1.14973412080462,0.231626487271603
8.17147209570888,0.798540753337095,0.262307668944782,0.792403239860845,0.275723277687013,0.823283039201713,0.234849101994087,0.791062683372386,0.255173570573774,0.872695018049624,0.214287717224656,0.841606851428443,0.213826420494469,1.00051015241058,0.22749464351086,1.0062439976188,0.227540249617683,0.972585760345947,0.275566823501757,0.970196835660633,0.28771024912628,0.850899089657527,0.2499083435539,0.845432209183941,0.254959438953314,0.721810682640685,0.358121563178882,0.696998854216599,0.331282548177395,0.95712726568269,0.252213898015235,0.967595670427439,0.251858830975668,0.97519537073425,0.232368477541706,1.13672576376079,0.216813057218892,1.14543909253505,0.231795703309686
8.21836497024756,0.795239469076377,0.262447189384388,0.789653740042279,0.275842598755752,0.819903720859508,0.235005773192837,0.787615416045714,0.255421010815154,0.869065459383846,0.214518116526663,0.838036590183789,0.214054658264877,0.996605986693108,0.22771115901107,1.00227774588892,0.227772111679655,0.967777872530335,0.27567692175018,0.965596240785943,0.287808928509579,0.84759045883743,0.249925137097761,0.842131202930491,0.254940933460254,0.719255123743912,0.357609184721954,0.694402281593959,0.331233155965554,0.953253551542294,0.252205263458429,0.963736494607972,0.252022596430917,0.971946374087269,0.232786513174236,1.13336154278136,0.217027253227532,1.14114009276035,0.231965043050208
8.26552694460776,0.791954712484419,0.262586783538588,0.786909849517584,0.275961971306988,0.816530718482385,0.235161576986969,0.784178257753224,0.255663629049919,0.86543145580441,0.214748763250983,0.834467131871971,0.214283139125497,0.992697136351719,0.227927880562925,0.998302897555791,0.228004209857106,0.962973916841983,0.275786295250872,0.960998056059389,0.287906966557752,0.844291284940607,0.249941858282972,0.838839373254889,0.254920531362699,0.716701449165714,0.357097412687288,0.691810793624929,0.331183772166631,0.949376413190126,0.252196521204319,0.959873525439992,0.252186026972237,0.968700673235,0.233200669086369,1.12998749838246,0.217241660459999,1.13683791260954,0.232134506591342
8.31295956304785,0.788686636202922,0.262726451464163,0.78417164221579,0.276081395390869,0.813163962045313,0.235316505645904,0.780751190034516,0.255901382154543,0.861792908605331,0.214979657669555,0.830898506376937,0.214511863333145,0.98878399614909,0.228144808370555,0.994319997983346,0.228236544392716,0.958173913815677,0.275894935577952,0.956402286489636,0.288004362893126,0.841001725334549,0.249958507280765,0.835556774048174,0.254898215841474,0.714149696822443,0.356586266171063,0.689224398826147,0.331134396808825,0.945495729887798,0.252187698935756,0.956006943458287,0.252349124811628,0.965458299418928,0.233610924443385,1.12660438799119,0.217456279128634,1.13253334321183,0.232304094031347
8.36066437868809,0.785435392873688,0.262866193217954,0.781439192065999,0.276200871057595,0.809803381523345,0.235470551433249,0.777334194429288,0.256134227174227,0.858149719080709,0.21521080005463,0.827330743582718,0.214740831144903,0.984866960847971,0.228361942638309,0.990329592535587,0.228469115529424,0.953377883986362,0.276002834299483,0.951808937085506,0.288101117142718,0.837721937386852,0.249975084262488,0.832283459201487,0.254873970126287,0.711599904630512,0.356075764157305,0.68664310571432,0.331085029920316,0.941611380897029,0.252178824331832,0.952136929197747,0.252511892170092,0.962219283880615,0.234017258619608,1.12321296903468,0.217671109446002,1.12822717569654,0.232473805468575
8.40864295356149,0.78220113513828,0.263006008856861,0.778712572997147,0.27632039835743,0.806448906891328,0.235623706607052,0.773927252477004,0.256362121329817,0.85450178852444,0.215442190678771,0.823763873373143,0.214970042818121,0.980946425210939,0.228579283570752,0.986332226576333,0.228701923510419,0.948585847888597,0.276109982977664,0.947218012855443,0.288197228938237,0.834452078464859,0.249991589399595,0.829019482605721,0.254847777496995,0.709052110506193,0.355565925518159,0.684066922805989,0.331035671529267,0.937723245479286,0.252169925067754,0.948263663193013,0.252674331277581,0.958983657861441,0.234419651200191,1.11981399893998,0.21788615162489,1.12392020119278,0.232643641001463
8.45689685866496,0.778984015638364,0.263145898437843,0.775991858938241,0.276439977340692,0.803100468124199,0.235775963420061,0.770530345717233,0.256585022024734,0.850849018230509,0.215673829814855,0.820197925632131,0.215199498610415,0.977022784000648,0.228796831372667,0.982328445469486,0.228934968579147,0.94379782605711,0.276216373169067,0.942629518808061,0.288292697916082,0.831192305936024,0.250008022863651,0.825764898151879,0.254819621284912,0.706506352365817,0.355056769014329,0.681495858617771,0.330986321663825,0.933831202896147,0.252161028814856,0.944387325978835,0.252836444372984,0.955751452602867,0.234818081982813,1.11640823513421,0.218101405878306,1.11961321082973,0.232813600728538
8.50542767401073,0.775784187015596,0.263285862017917,0.773277123818281,0.27655960805776,0.799757995196885,0.23592731411999,0.76714345568953,0.256802886851953,0.847191309492893,0.215905717736072,0.816632930243588,0.215429198779674,0.973096431979742,0.229014586249055,0.978318794578939,0.22916825097931,0.939013839026609,0.276321996424849,0.938043459951948,0.288387523717351,0.827942777167786,0.250024384826334,0.822519759730951,0.254789484874106,0.703962668125711,0.354548313295417,0.67892992166627,0.330936980352117,0.929935132409177,0.252152163240568,0.940508098089951,0.252998233704083,0.952522699346342,0.235212530979403,1.11299643504444,0.21831687241948,1.11530699573658,0.232983684748418
8.55423698867811,0.772601801911621,0.263425899654159,0.770568441566262,0.276679290559068,0.796421418084306,0.236077750949776,0.763766563933441,0.257015673601022,0.843528563605558,0.216137854715926,0.813068917091414,0.21565914358405,0.96916776391086,0.229232548405137,0.974303819268576,0.229401770954861,0.934233907331788,0.276426844290971,0.933459841295685,0.288481705987835,0.824703649527578,0.250040675459431,0.819284121233918,0.254757351702714,0.701421095702196,0.354040576900303,0.676369120468087,0.330887647622254,0.926034913279931,0.252143356008434,0.936626160061089,0.253159701527525,0.949297429333312,0.235602978417828,1.10957935609776,0.218532551461868,1.11100234704251,0.233153893159807
8.60332640086553,0.769437012968085,0.263566011403705,0.767865886111174,0.276799024895111,0.793090666761378,0.236227266147849,0.760399651988511,0.25722334026511,0.83986068186247,0.216370241028237,0.809505916059509,0.215889333281967,0.965237174556638,0.229450718046349,0.970284064902281,0.229635528750014,0.929458051507339,0.276530908308423,0.928878667847843,0.288575244378021,0.82147508038283,0.250056894934839,0.816058036551757,0.254723205264257,0.698881673011591,0.35353357825754,0.673813463539819,0.33083832350233,0.922130424769964,0.252134634778164,0.932741692426977,0.253320850108788,0.946075673805218,0.235989404743568,1.10615775572126,0.218748443219146,1.10670005587669,0.233324226061502
8.65269751794283,0.766289972826661,0.263706197323749,0.765169531382032,0.276918811116441,0.789765671203045,0.2363758519484,0.757042701394315,0.25742584504808,0.836187565557622,0.216602876947138,0.805943957031796,0.216119768132118,0.961305058679735,0.229669095378349,0.96626007684396,0.229869524609234,0.924686292088002,0.276634180013454,0.924299944617047,0.288668138543093,0.818257227101002,0.250073043424563,0.81284155957548,0.254687029108972,0.696344437970233,0.353027335685754,0.671262959398088,0.330789008020422,0.918221546140859,0.252126027205717,0.928854875722371,0.25348168172215,0.942857464003526,0.236371790621353,1.10273239134203,0.218964547905213,1.10240091336832,0.233494683552385
8.70235195650393,0.763160834129011,0.263846457471544,0.76247945130784,0.277038649273669,0.78644636138424,0.236523500581649,0.753695693690413,0.257623146371612,0.832509115984994,0.216835762747078,0.802383069892188,0.216350448393464,0.957371811042798,0.229887680607011,0.96223240045751,0.230103758777245,0.919918649608494,0.276736650937795,0.919723676611898,0.288760388142933,0.815050247049542,0.250089121100719,0.809634744196081,0.25464880684515,0.693809428494452,0.352521867394043,0.668717616559503,0.330739701204587,0.914308156654189,0.252117560943402,0.924965890482016,0.253642198650653,0.939642831169691,0.236750116936804,1.09930402038717,0.219180865734195,1.09810571064659,0.23366526573143
8.75229134241973,0.760049749516769,0.263986791904403,0.759795719817582,0.277158539417464,0.783132667279871,0.236670204274117,0.750358610416341,0.257815202882338,0.828825234438541,0.217068898702821,0.798823284524574,0.216581374325237,0.953437826408457,0.230106473938432,0.958201581106804,0.230338231499026,0.91515514460349,0.276838312608893,0.915149868840951,0.288851992842122,0.811854297595869,0.250105128135529,0.806437644304529,0.254608522140478,0.691276682500561,0.352017191482393,0.666177443540655,0.330690403082868,0.910390135571495,0.252109263640019,0.921074917240627,0.253802403186075,0.936431806545148,0.237124364798037,1.09587340028375,0.219397396920437,1.09381523884066,0.233835972697701
8.80251731089138,0.756956871631585,0.264127200679698,0.757118410840255,0.277278481598553,0.779824518864861,0.236815955248902,0.74703143311165,0.258001973459015,0.825135822212238,0.217302285089448,0.795264630812858,0.216812546186938,0.949503499539356,0.230325475578925,0.954168164155736,0.230572943019813,0.910395797607692,0.276939156550143,0.910578526312795,0.288942952309938,0.808669536107418,0.250121064701323,0.803250313791809,0.254566158723398,0.688746237904884,0.351513325942116,0.663642448858148,0.330641113683288,0.906467362154339,0.252101162941035,0.917182136532938,0.253962297628897,0.933224421371345,0.237494515537246,1.09244128845887,0.219614141678512,1.08953028907973,0.234006804550351
8.85303150650382,0.753882353115137,0.264267683854859,0.754447598304875,0.277398475867723,0.776521846114159,0.236960745725957,0.743714143315918,0.258183417219725,0.821440780600079,0.217535922182355,0.791707138640966,0.217043964238338,0.945569225198144,0.230544685735024,0.950132694968202,0.230807893585098,0.905640629155844,0.277039174281127,0.906009654036052,0.289033266220359,0.805496119951655,0.250136930970538,0.800072806548936,0.254521700384471,0.68621813262376,0.351010288656281,0.661112641028603,0.330591833033854,0.90253971566431,0.252093286488784,0.913287728893707,0.25412188428827,0.930020706889749,0.237860550712262,1.08900844233961,0.219831100223215,1.08525165249297,0.234177761388621
8.9038355832796,0.75082634660846,0.264408241487378,0.751783356140514,0.277518522275819,0.773224579003206,0.237104567922372,0.74040672256882,0.258359493529171,0.817740010896462,0.217769810257255,0.788150837891919,0.217275628739479,0.941635398144108,0.230764104613484,0.946095718904157,0.231043083440633,0.900889659781982,0.277138357317877,0.901443257017869,0.289122934252082,0.802334206495564,0.250152727115723,0.79690517646702,0.254475130977782,0.683692404573552,0.350508097400215,0.6585880285686,0.330542561162556,0.898607075363343,0.252085661922638,0.90939187485641,0.254281165481991,0.926820694341773,0.238222452107976,1.08557561934982,0.220048272769567,1.08098012020403,0.234348843311843
8.95493120473305,0.747789004757894,0.264548873634804,0.749125758275537,0.277638620873742,0.769932647502828,0.23724741405257,0.737109152408872,0.258530162005242,0.814033414391985,0.218003949590178,0.784595758456406,0.217507539950673,0.937702413165888,0.230983732421278,0.942057781357969,0.231278512832424,0.896142910025855,0.277236697172835,0.89687934027788,0.289211956088342,0.799183953110005,0.250168453309491,0.793747477435994,0.254426434421945,0.681169091670233,0.35000676984136,0.656068619994879,0.330493298097365,0.894669320510017,0.252078316879794,0.905494754965465,0.254440143536416,0.923624414969082,0.238580201739135,1.08214357694172,0.220265659532811,1.07671648338495,0.23452005041944
9.00632004392478,0.744770481371132,0.264689580354711,0.746474878481009,0.277758771712445,0.766645980566439,0.237389276309908,0.733821414116865,0.258695382392333,0.810320891539382,0.218238340457553,0.781041931907136,0.217739698132534,0.933770671499878,0.231203569365577,0.938019435282725,0.231514182006788,0.891400401677926,0.277334185298674,0.892317911574928,0.289300331381595,0.796045518013627,0.250184109715372,0.790599763083466,0.254375594627182,0.678648231742006,0.349506323422312,0.653554423857601,0.330444043866231,0.890726329622817,0.252071279098022,0.901596552165963,0.254598820776027,0.920431900066605,0.238933782105629,1.07871307880169,0.22048326072848,1.07246154383193,0.234691382810975
9.05800378351642,0.741770874774702,0.264830361706354,0.74383079804334,0.277878974843495,0.763364555753327,0.237530147782312,0.730543501286823,0.258855121135776,0.806602382819556,0.218472983132355,0.777489309461695,0.217972103544542,0.929840266352015,0.231423615654983,0.933980872526468,0.231750091207855,0.886662096779327,0.277430815853552,0.887758847807944,0.289388061484523,0.79291901892403,0.250199696935992,0.78746209956992,0.254322599136931,0.676129866810454,0.34900678110778,0.651045447110876,0.330394798497297,0.886778016578038,0.252064571396263,0.897697334715339,0.254757200033515,0.917243178385264,0.239283163743621,1.07528459079025,0.220701076569398,1.06821559578812,0.234862840583671
9.10998411582575,0.73879017843257,0.264971217752108,0.74119361245356,0.277999230319577,0.760088442491047,0.23767002325373,0.72727543078576,0.259009357137431,0.802877904369275,0.218707877880733,0.773937690461778,0.218204756443781,0.925910708732042,0.231643871500623,0.929941602426863,0.231986240675376,0.881927844441694,0.277526588117524,0.883201778543005,0.28947515096221,0.789804497009592,0.250215216403969,0.784334576743974,0.254267442298232,0.673614046823028,0.348508176346878,0.648541693692336,0.330345562019081,0.882824362080642,0.252058207299505,0.893796954104583,0.254915285096345,0.914058273867819,0.239628294267314,1.07185801585898,0.220919107263053,1.06397797419066,0.235034423830239
9.16226274288208,0.735828364554615,0.265112148555039,0.7385634200817,0.278119538193654,0.756817728827355,0.237808897856549,0.724017224197687,0.259158072091033,0.799147487659512,0.21894302496766,0.770386843466138,0.218437657087056,0.921981391647553,0.231864337114322,0.925900995987293,0.232222630648397,0.877197470887483,0.277621502417146,0.878646283215549,0.289561605040172,0.786701977923277,0.250230669720527,0.78121728925538,0.254210119884474,0.671100823333581,0.348010544541061,0.646043166928168,0.330296334460162,0.878865360380636,0.252052198449272,0.889895217889429,0.255073079955674,0.910877209482432,0.239969116641453,1.0684331428666,0.221137353016001,1.05974781954024,0.235206132642527
9.21484137648203,0.732885406782776,0.265253154178244,0.735940319103821,0.278239898518733,0.753552501555434,0.237946766705505,0.720768902788806,0.259301247857458,0.795411163128067,0.219178424658472,0.766836539107609,0.218670805731455,0.918051716056825,0.232085012708111,0.921858433531751,0.232459261366249,0.872470803881386,0.277715559018647,0.874091944638704,0.289647428911274,0.783611488363448,0.25024605847601,0.778110331430414,0.2541506276374,0.668590247787742,0.347513920738373,0.643549870185762,0.330247115849099,0.874901004815411,0.252046556614346,0.885991936585863,0.255230588602199,0.907700008262944,0.240305574164764,1.06500976835908,0.221355814035062,1.05552428543814,0.235377967112512
9.2677217382455,0.729961278750134,0.265394234684887,0.733324407697169,0.278360311347886,0.750292847476203,0.238083624921127,0.717530487827269,0.259438866634538,0.791668961219109,0.219414077218774,0.763286548006212,0.218904202634322,0.914121082869043,0.232305898494258,0.917813295326682,0.232696133068493,0.867747671178546,0.277808758198218,0.869538345604726,0.289732627779636,0.780533055021999,0.250261384261276,0.775013797597335,0.254088961360148,0.666082371631796,0.347018339780852,0.641061806832246,0.33019790621443,0.870931288727976,0.252041293563239,0.882086920691581,0.255387815039075,0.904526693242773,0.240637610162235,1.06158768883494,0.221574490527243,1.05130652540479,0.235549927332241
9.32090555967215,0.727055954089639,0.265535390138207,0.730715784039026,0.278480776734248,0.747038853390726,0.238219467629759,0.714302000581277,0.259570910958885,0.787920912376931,0.219649982914434,0.759736640781763,0.219137848053255,0.91018889299256,0.232526994685269,0.913764961637554,0.232933245994915,0.863027900533976,0.277901100241572,0.86498506890554,0.289817206860247,0.777466704590735,0.250276648667626,0.771927782084456,0.254025116917112,0.663577246312053,0.346523836304733,0.638578980234757,0.330148705584679,0.866956205461457,0.252036421065138,0.878179980703987,0.255544763281795,0.901357287455351,0.240965167995713,1.05816670079191,0.221793382699742,1.04709369295925,0.235722013393826
9.37439458219798,0.72416940643419,0.265676620601513,0.728114546306667,0.278601294731012,0.743790606100086,0.238354289963735,0.711083462319027,0.259697363708673,0.784167047045837,0.219886142011591,0.756186588054017,0.219371742246101,0.90625454733554,0.232748301493886,0.909712812729615,0.23317060038553,0.858311319702629,0.277992585443911,0.860431697332968,0.289901171378846,0.774412463761419,0.250291853286797,0.76885237922008,0.253959090234365,0.661074923274815,0.346030444741545,0.636101393760417,0.330099513988349,0.862975748358984,0.252031950890095,0.874270927120401,0.255701437358134,0.898191813934091,0.241288191072712,1.05474660072751,0.222012490759942,1.04288494162023,0.235894225389446
9.42819055725246,0.721301609416692,0.265817926138184,0.725520792677373,0.278721865391439,0.740548192405379,0.238488087061547,0.707874894308723,0.259818208106401,0.780407395670143,0.22012255477665,0.752636160442728,0.219605885470966,0.902317446806111,0.232969819133088,0.905656228868067,0.233408196480577,0.853597756439466,0.278083214109905,0.855877813678835,0.289984526571799,0.77137035922582,0.250306999710962,0.765787683332522,0.253890877300069,0.658575453966391,0.34553819931926,0.63362905077636,0.330050331453927,0.858989910763703,0.252027894809212,0.870359570438135,0.255857841308112,0.895030295712417,0.241606622855291,1.05132718513924,0.22223181491542,1.03867942490642,0.236066563411351
9.48229524631579,0.718452536670066,0.265959306811671,0.722934621328441,0.278842488768847,0.737311699107717,0.238620854068019,0.70467631781859,0.259933427721629,0.776641988694185,0.220359221476283,0.749085128567667,0.219840277986205,0.898376992312421,0.233191547816095,0.901594590318138,0.233646034520527,0.848887038499478,0.278172986553671,0.851323000734995,0.29006727768599,0.768340417675727,0.25032208953272,0.762733788750119,0.253820474164899,0.656078889833101,0.345047134063481,0.631161954649728,0.330001158009882,0.854998686018779,0.252024264594841,0.866445721154527,0.256013979183942,0.891872755823766,0.241920406869034,1.04790825052461,0.222451355373937,1.03447629633652,0.236239027551854
9.53671042097664,0.715622161827185,0.266100762685496,0.72035613043713,0.27896316491662,0.734081213008168,0.238752586134471,0.701487754116803,0.260043006473683,0.77287085656225,0.22059614237743,0.745533263048557,0.220074920050431,0.894432584762573,0.233413487756362,0.897527277345005,0.233884114746074,0.844178993637572,0.278261903098744,0.846766841293216,0.290149429978696,0.765322665802874,0.250337124345097,0.75969078980115,0.253747876942453,0.653585282321234,0.344557282798635,0.62870010874763,0.329951993684665,0.851002067467321,0.252021072020764,0.862529189766856,0.256169855049983,0.888719217301536,0.242229486712109,1.0444895933811,0.222671112343448,1.03027470942916,0.236411617903339
9.59143786299011,0.712810458520958,0.266242293823254,0.717785418180727,0.279083893888202,0.730856820907834,0.238883278418904,0.698309224471574,0.26014692863433,0.769094029718661,0.220833317747302,0.74198033450516,0.220309811922508,0.890483625064704,0.233635639167584,0.893453670213881,0.234122437398144,0.839473449608718,0.278349964078061,0.842208918145335,0.290230988717482,0.762317130299036,0.250352105741543,0.75665878081394,0.253673081809673,0.651094682877103,0.344068679149251,0.626243516437201,0.329902838506711,0.847000048452482,0.252018328862413,0.858609786772444,0.256325472982704,0.885569703179155,0.242533806064417,1.04107101020621,0.222891086032096,1.02607381770305,0.236584334558256
9.64647936433611,0.710017400384296,0.266383900288608,0.715222582736519,0.279204675737103,0.727638609607817,0.239012926086161,0.695140750151116,0.260245178830417,0.765311538607743,0.221070747853374,0.738426113557234,0.220544953861556,0.88652951412695,0.233858002263695,0.889373149189982,0.234361002717888,0.834770234167891,0.278437169833935,0.837648814083184,0.290311959180083,0.759323837855991,0.250367035315924,0.753637856116809,0.253596085007255,0.648607142947021,0.343581356541226,0.623792181085578,0.329853692504435,0.842992622317415,0.252016046897069,0.854687322668613,0.256480837070635,0.88242423649005,0.24283330869684,1.03765229749745,0.223111276648211,1.02187277467685,0.236757177609124
9.70183672727802,0.707242961050079,0.266525582145297,0.712667722281773,0.279325510516892,0.724426665909192,0.23914152430811,0.691982352423611,0.26033774204648,0.76152341367379,0.221308432963394,0.734870370824512,0.22078034612695,0.882569652857425,0.234080577258868,0.885285094538495,0.234599810946687,0.83006917507001,0.278523520718031,0.833086111898549,0.290392346654291,0.75634281516548,0.250381914662522,0.750628110038049,0.253516882840054,0.646122713977282,0.343095348203136,0.621346106059873,0.329804555706235,0.83897978240524,0.252014237904068,0.850761607952654,0.256635951414322,0.879282840267626,0.243127938480575,1.03423325175231,0.223331684400317,1.01767073386924,0.236930147148529
9.75751176442169,0.704487114151241,0.266667339457129,0.710120934993791,0.279446398281202,0.721221076613083,0.239269068263814,0.688834052557295,0.260424603627321,0.757729685361148,0.221546373345377,0.731312876926776,0.221015988978319,0.878603442164282,0.234303364367514,0.881188886524652,0.23483886232615,0.825370100070088,0.278609017091349,0.828520394383302,0.290472156437846,0.753374088919307,0.250396745376032,0.747629636906008,0.253435471677504,0.643641447414213,0.342610687167601,0.618905294727241,0.329755428140493,0.834961522059133,0.252012913665038,0.846832453121915,0.25679082012629,0.87614553754533,0.243417639396542,1.0308136694683,0.223552309497125,1.01346684879891,0.237103243269125
9.81350629877481,0.701749833320641,0.266809172287982,0.707582319049826,0.27956733908373,0.718021928520546,0.239395553139704,0.685695871820332,0.260505749280548,0.753930384114095,0.221784569267606,0.727753402483741,0.221251882675548,0.87463028295562,0.234526363804286,0.877083905413626,0.235078157098116,0.820672836923013,0.278693659324191,0.823951244329197,0.290551393838323,0.750417685809192,0.250411529051558,0.744642531048954,0.253351847954009,0.641163394704096,0.342127406272633,0.61646975045478,0.329706309835571,0.830937834622194,0.2520120859641,0.842899668673662,0.256945447330996,0.873012351356549,0.243702355544903,1.0273933471429,0.223773152147537,1.0092602729845,0.237276466063633
9.86982216380661,0.699031092191239,0.26695108070181,0.705051972627199,0.279688332978234,0.714829308432725,0.23952097412976,0.682567831480981,0.260581165079082,0.750125540376995,0.222023020998636,0.724191718115207,0.221488027478776,0.870649576139608,0.234749575784077,0.872969531470666,0.23531769550465,0.815977213383834,0.278777447796147,0.819378244528143,0.290630064173024,0.747473632526964,0.250426267284609,0.741666886795261,0.253266008169361,0.638688607293274,0.341645538163088,0.61403947660966,0.329657200819815,0.826908713437624,0.252011766588121,0.83896306510527,0.257099837164796,0.869883304734749,0.243982031154638,1.02397208127362,0.223994212560646,1.00505015994475,0.237449815624844
9.92646120350786,0.696330864395882,0.267093064762636,0.702529993903152,0.279809380018536,0.711643303150669,0.239645326435681,0.679449952807394,0.260650837463634,0.746315184594118,0.222261728807291,0.720627594440882,0.2217244236484,0.866660722624338,0.234973000522017,0.868845144960938,0.235557477788049,0.811283057207422,0.278860382896062,0.814800977771876,0.290708172768866,0.744541955764331,0.250440961671097,0.738702798473186,0.253177948889132,0.636217136628021,0.341165115292054,0.611614476558974,0.329608101121554,0.822874151848512,0.252011967326924,0.835022452913995,0.25725399377589,0.866758420713311,0.24425661059323,1.02054966835796,0.224215490945736,1.00083566319828,0.237623292045614
9.98342527245127,0.693649123567485,0.267235124534556,0.700016481054977,0.279930480258519,0.708463999475483,0.239768605267065,0.676342257067787,0.260714753245134,0.742499347209791,0.222500692962665,0.717060802080527,0.221961071445071,0.86266312331795,0.23519663823348,0.864710126149659,0.235797504190837,0.806590196148756,0.278942465022022,0.810219026852237,0.290785724962276,0.741622682213075,0.250455613807333,0.735750360411056,0.253087666745078,0.633749034154654,0.340686169922367,0.60919475366986,0.329559010769097,0.818834143198014,0.252012699973552,0.831077642597164,0.257407921324299,0.863637722325666,0.24452603837641,1.01712590489341,0.224436987512279,0.99661593626378,0.237796895418871
10.0407162358523,0.690985843338967,0.267377260081737,0.697511532259965,0.280051633752133,0.705291484208276,0.239890805841587,0.673244765530381,0.260772899607138,0.738678058668343,0.22273991373412,0.71349111165391,0.222197971129696,0.858656179128583,0.23542048913408,0.860563855302045,0.23603777495577,0.80189845796282,0.279023694581325,0.805631974561072,0.290862726099086,0.73871583856498,0.25047022529003,0.732809666937202,0.252995158435535,0.631284351319489,0.340208734128095,0.606780311309459,0.329509929790737,0.814788680829289,0.2520139763245,0.827128444652107,0.257561623981815,0.860521232605246,0.24479025917799,1.01370058737747,0.22465870246994,0.992390132659941,0.237970625837607
10.0983359696299,0.688340997343211,0.267519471468419,0.695015245695387,0.280172840553386,0.702125844150126,0.240011923385172,0.670157499463364,0.260825264108192,0.734851349414075,0.222979391391292,0.709918293780767,0.222435122963439,0.854639290964355,0.235644553439671,0.856405712683291,0.236278290325831,0.797207670404543,0.279104071990456,0.801039403690172,0.290939181534421,0.735821451511794,0.250484797716289,0.729880812379919,0.252900420725812,0.628823139568823,0.339732839796064,0.604371152844888,0.329460858214751,0.810737758085464,0.252015808179972,0.823174669576119,0.257715105931965,0.857408974585461,0.245049217839782,1.01027351230764,0.224880636028574,0.988157405905427,0.238144483394885
10.1562863604686,0.685714559213123,0.267661758758914,0.692527719538523,0.280294100716354,0.698967166102132,0.240131953132175,0.66708048013494,0.260871834684157,0.731019249891306,0.223219126204086,0.706342119080854,0.22267252720772,0.850611859733398,0.235868831366351,0.852235078558606,0.236519050544235,0.792517661228888,0.279183597675065,0.796440897031365,0.291015096632598,0.732939547745287,0.250499332683607,0.726963891067523,0.252803450448588,0.626365450348967,0.339258518627431,0.60196728164328,0.329411796069394,0.806681368309683,0.252018207344133,0.819216127866516,0.257868371369975,0.854300971299733,0.245302859381584,1.00684447618142,0.225102788398227,0.983916909518917,0.238318468183834
10.2145693058794,0.683106502581601,0.267804122017607,0.690049051966655,0.280415414295171,0.695815536865384,0.240250890325563,0.664013728813314,0.260912599650504,0.727181790544347,0.223459118442677,0.702762358173919,0.222910184124217,0.846573286343838,0.236093323130457,0.848051333193191,0.236760055854426,0.787828258190807,0.279262272069945,0.791836037376464,0.291090476767022,0.730070153957223,0.250513831789871,0.724058997328325,0.252704244504294,0.623911335106225,0.338785802139267,0.599568701071761,0.329362743382907,0.802619504845087,0.252021185625381,0.815252630020608,0.258021424502731,0.851197245781482,0.245551129011244,1.00341327549631,0.225325159789138,0.979667797019083,0.238492580297654
10.2731867142627,0.680516801081574,0.267946561308953,0.687579341157081,0.28053678134404,0.692671043240988,0.240368730217088,0.660957266766701,0.26094754770456,0.72333900181752,0.223699368377514,0.699178781679714,0.223148093974862,0.842522971703799,0.236318028948569,0.84385385685224,0.237001306500078,0.783139289045287,0.279340095619001,0.787224407517304,0.291165327320083,0.727213296839403,0.250528296633354,0.721166225490672,0.252602799861511,0.621460845286924,0.338314721666189,0.597175414497484,0.329313700183514,0.798552161034827,0.252024754836612,0.811283986535723,0.258174269548745,0.848097821064144,0.245793972134791,0.999979706749799,0.225547750411735,0.975409221924615,0.238666819829611
10.3321405049705,0.677945428345938,0.268089076697481,0.685118685287094,0.280658201917222,0.689533772030195,0.240485468067472,0.657911115263459,0.260976667927748,0.719490914155345,0.223939876279315,0.695591160218265,0.223386257021848,0.838460316721722,0.236542949037512,0.839642029801355,0.237242802725097,0.778450581547456,0.279417068775235,0.78260559024603,0.291239653683046,0.724369003083532,0.250542728812715,0.718285669882813,0.252499113557359,0.61901403233735,0.337845308361986,0.594787425287541,0.329264666499418,0.794479330222278,0.252028926795473,0.807310007909336,0.25832691073811,0.845002720181199,0.246031334366668,0.996543566439467,0.225770560476639,0.971140337754358,0.23884118687304
10.3914326083688,0.675392357990795,0.268231668247795,0.682667182515201,0.280779676069046,0.686403809951899,0.240601099145313,0.654875295489336,0.26099994978106,0.715637557901051,0.224180642419073,0.691999264280146,0.223624673527624,0.834384722162355,0.23676808361435,0.835415232127831,0.23748454477362,0.773761963350473,0.279493191999635,0.777979168190376,0.291313461256712,0.721537299385597,0.250557129926575,0.715417424839433,0.252393182691026,0.616570947700398,0.337377593199965,0.592404736810492,0.329215642358808,0.790401005634909,0.252033713327696,0.803330504550742,0.25847935231352,0.841911966127605,0.246263161538143,0.993104651026878,0.225993590194664,0.966860297938464,0.239015681521346
10.4510649659017,0.67285757104573,0.268374336024499,0.680224939280098,0.280901203853421,0.683281279957287,0.240715619288442,0.651849864975981,0.261017386049222,0.711779007952999,0.224421667067114,0.688402921289108,0.223863343754746,0.830295651982437,0.236993432895943,0.831172922326618,0.237726532889289,0.769073306983623,0.279568466236797,0.773344796301606,0.291386755120576,0.718718210593462,0.250571501759118,0.712561581898012,0.252285007440137,0.61413164432971,0.33691160757266,0.590027351811871,0.329166627789853,0.786317231484315,0.252039124934978,0.799345325667867,0.258631598071251,0.838825598855386,0.246489400520608,0.9896627728111,0.226216839776275,0.962568294928368,0.239190303867519
10.5110395301542,0.670341113459431,0.268517080091685,0.677792134529068,0.281022785320092,0.680166622278515,0.240829029250601,0.648835199530875,0.261028995613491,0.70791572937239,0.22466295048579,0.684802457224331,0.224102267964722,0.826193123501633,0.237218997095446,0.826915245496827,0.237968767309609,0.76438487795017,0.279642896597651,0.768702762857655,0.291459537472031,0.715911745371672,0.250585847716641,0.709718208101698,0.252174614385735,0.611696188408549,0.336447387911275,0.587655267581708,0.329117622820703,0.782228498442664,0.252045160483202,0.795354660222752,0.258783647805587,0.835743806807275,0.246710005536867,0.986217882777919,0.226440309427401,0.958263862879318,0.239365054000398
10.5713582649165,0.667843065187786,0.268659900513206,0.675368985192286,0.281144420516645,0.677060443352293,0.240941332376215,0.645831841687207,0.261034811215693,0.704048391603443,0.224904492933371,0.681198459228441,0.224341446418622,0.822077443913429,0.237444776424171,0.822642706408536,0.238211248268951,0.759697147608948,0.279716490385061,0.764053687898492,0.291531808999303,0.713117903907236,0.25060017205579,0.706887357662464,0.252062043917604,0.609264653050357,0.335984973170584,0.585288478552188,0.329068627479487,0.778135531056162,0.25205181274442,0.791358875154317,0.258935499208677,0.832666856211404,0.246924934814391,0.982770004562806,0.226663999351661,0.953946714944778,0.239539932006662
10.6320231452483,0.665363506464687,0.268802797352983,0.672955708510444,0.281266109490699,0.673963350974096,0.241052532055275,0.642840335341186,0.261034866098038,0.700177665761267,0.225146294668302,0.677591516579155,0.224580879377764,0.817948922781127,0.237670771093631,0.818355812772251,0.238453976001847,0.755010589001706,0.27978925493566,0.759398194176328,0.291603570381994,0.71033668631784,0.250614479041137,0.70406908468737,0.251947336528385,0.606837111425225,0.335524402108915,0.58292697913212,0.329019641794319,0.774039055783003,0.252059074444618,0.78735833885649,0.259087149951503,0.829595013931814,0.247134146909873,0.979319162395166,0.226887909752818,0.949616565741572,0.239714937973021
10.6930361575431,0.662902517524073,0.268945770675009,0.670552521724245,0.281387852289926,0.670875952939285,0.241162631702159,0.639861224388914,0.261029193885628,0.696304222960807,0.225388355949244,0.673982218553956,0.224820567103712,0.813807869667749,0.237896981315561,0.814055072298122,0.238696950743017,0.750325675170096,0.279861197601835,0.754736904443128,0.29167482230344,0.707568092721272,0.250628772938233,0.701263443283577,0.251830532697324,0.604413636703285,0.335065713268047,0.580570763730376,0.328970665793293,0.7699397990812,0.252066938313416,0.783353419723083,0.259238597701064,0.826528546832521,0.247337600686677,0.975865380504346,0.227112040834795,0.945273129886395,0.239890071986234
10.7543992995939,0.660460178599783,0.269088820543346,0.668159642074326,0.281509648962048,0.667798857043135,0.241271634755439,0.636895052726399,0.261017828579081,0.692428734316932,0.225630677035072,0.670371154430257,0.225060509858281,0.809654594136262,0.238123407301913,0.809740992696245,0.238940172727371,0.745642879155611,0.279932325751489,0.750070441450709,0.291745565450689,0.704812123235211,0.250643058013604,0.698470487558141,0.251711672887001,0.601994302054609,0.334608944975525,0.578219826755757,0.328921699504489,0.765838487408668,0.252075397083853,0.77934448614781,0.259389840120386,0.823467721777468,0.247535255322721,0.972408683119668,0.227336392801677,0.940916121995859,0.240065334133107
10.8161145806581,0.658036569925717,0.269231947022129,0.665777286801365,0.281631499554841,0.664732671080977,0.241379544677695,0.633942364249711,0.261000804547124,0.688551870944557,0.225873258184878,0.666758913485515,0.225300707903535,0.805489405749666,0.238350049264861,0.805414081676749,0.239183642190008,0.740962673999845,0.280002646767828,0.745399427950982,0.291815800514495,0.702068777977402,0.250657338534751,0.695690271618183,0.251590797540125,0.599579180649306,0.334154135347073,0.575874162617108,0.328872742955965,0.761735847223384,0.252084443492244,0.775331906524444,0.259540874868541,0.820412805630644,0.247727070318331,0.968949094470464,0.227560965857711,0.936545256686624,0.240240724500496
10.8781840215234,0.655631771735758,0.269375150175562,0.663405673146029,0.281753404116129,0.661678002848125,0.241486364955323,0.6310037028549,0.260978156519209,0.68467430395859,0.226116099657966,0.663146084997181,0.225541161501789,0.801312614070963,0.238576907416799,0.801074846949765,0.239427359366216,0.736285532744366,0.280072168049134,0.740724486695838,0.291885528189296,0.699338057065571,0.250671618770148,0.692922849570806,0.251467947076373,0.597168345657476,0.333701322289007,0.573533765723262,0.328823796175766,0.757632604983314,0.252094070277994,0.771316049246749,0.259691699600667,0.817364065256024,0.247913005504142,0.965486638786073,0.227785760207307,0.932160248575347,0.240416243175303
10.940609654574,0.653245864263763,0.269518430067922,0.661045018348967,0.281875362693793,0.658635460139872,0.24159209909834,0.628079612437994,0.260949919578122,0.680796704473912,0.226359201713857,0.659533258242679,0.225781870915607,0.797124528663126,0.23880398197034,0.796723796225393,0.239671324491471,0.731611928430695,0.280140897008543,0.73604624043712,0.291954749173199,0.696619960617418,0.250685902989243,0.690168275523084,0.2513431618893,0.594761870249202,0.333250543500705,0.571198630483032,0.328774859191916,0.753529487146389,0.252104270183425,0.767297282708453,0.25984231196798,0.814321767517566,0.24809302104899,0.962021340295818,0.228010776055034,0.927760812278651,0.240591890244481
11.0033935238572,0.65087892774364,0.269661786763557,0.658695539650862,0.281997375335761,0.655605650751554,0.2416967506402,0.625170636895069,0.260916129152603,0.676919743605448,0.226602564612285,0.655921022499475,0.226022836407805,0.792925459089165,0.239031273138319,0.792361437213773,0.239915537801441,0.726942334100438,0.280208841073827,0.731365311926751,0.292023464167967,0.693914488750694,0.250700195462456,0.687426603582145,0.251216482343314,0.592359827594597,0.332801836477139,0.568868751305267,0.328725932032424,0.749427220170596,0.252115035953626,0.763275975303341,0.259992709617799,0.811286179279264,0.248267077467803,0.958553223229035,0.228236013605628,0.923346662413205,0.24076766579503
11.0665376851504,0.648531042409247,0.269805220326885,0.656357454292366,0.282119442090015,0.652589182478467,0.2418003231376,0.622277320122153,0.260876821009977,0.673044092468084,0.226846188613202,0.652309967044998,0.226264058241447,0.788715714912063,0.23925878113379,0.787988277625015,0.240159999531981,0.722277222795123,0.280276007687176,0.726682323916584,0.292091673879004,0.691221641583101,0.250714500461183,0.684697887855068,0.251087948770706,0.589962290863747,0.332355238511404,0.566544122598785,0.328677014725281,0.745326530513874,0.252126360336273,0.759252495425148,0.260142890193556,0.808257567405076,0.248435135629525,0.955082311815055,0.228461473063981,0.918917513595644,0.240943569913997
11.130044206028,0.646202288494521,0.269948730822397,0.65403097951418,0.282241563004591,0.649586663115971,0.24190282017029,0.619400206015349,0.26083203124879,0.669170422176766,0.227090073976771,0.648700681156738,0.226505536679851,0.784495605694846,0.23948650617003,0.783604825169278,0.240404709919137,0.717617067556401,0.280342404304986,0.721997899158585,0.292159379015339,0.68854141923242,0.250728822257794,0.681982182449008,0.250957601468755,0.58756933322678,0.331910786697347,0.564224738772452,0.328628107298458,0.741228144634236,0.252138236081478,0.755227211467685,0.260292851334822,0.805236198759017,0.24859715676501,0.951608630283221,0.228687154635153,0.914473080442658,0.241119602688481
11.1939151659298,0.643892746233288,0.270092318314653,0.651716332556933,0.282363738127573,0.646598700459332,0.242004245340879,0.616539838470656,0.260781796291475,0.665299403846355,0.227334220963375,0.645093754112096,0.226747271986584,0.780265441000474,0.239714448460538,0.779211587556648,0.240649669199144,0.712962341425748,0.280408038397639,0.717312660404555,0.292226580289608,0.68587382181632,0.250743165125638,0.679279541471011,0.250825480696876,0.585181027853764,0.331468517932163,0.561910594235064,0.328579209779913,0.737132788989588,0.25215065594161,0.751200491824657,0.260442590677318,0.802222340205021,0.248753102474957,0.948132202862855,0.228913058524363,0.910013077570853,0.241295764205626
11.2581526562283,0.641602495859434,0.270235982868288,0.649413730661294,0.2824859675071,0.643625902303867,0.242104602274652,0.613696761384127,0.260726152876999,0.661431708591753,0.227578629833609,0.641489775188519,0.226989264425464,0.776025530391939,0.239942608219031,0.774809072497244,0.240894877608426,0.708313517444731,0.280472917449297,0.712627230406382,0.292293278418041,0.683218849452529,0.250757533339047,0.676590019028181,0.250691626673855,0.582797447914797,0.331028468919111,0.559601683395453,0.328530322197584,0.733041190037892,0.252163612671158,0.747172704889821,0.260592105852935,0.799216258607067,0.248902934737808,0.944653053783283,0.229139184936994,0.905537219596874,0.241472054552626
11.3227587802978,0.639331617606876,0.270379724548005,0.647123391067952,0.282608251191362,0.640668876444922,0.242203894619375,0.610871518651846,0.260665138053559,0.657568007527898,0.227823300848285,0.637889333663485,0.227231514260561,0.771776183432266,0.240170985659453,0.770397787701223,0.241140335383599,0.703671068654975,0.28053704895769,0.707942231916008,0.292359474120451,0.680576502258809,0.250771931173338,0.673913669227656,0.25055607957513,0.580418666580001,0.330590676170229,0.557298000662476,0.328481444579391,0.728954074237147,0.25217709902657,0.743144219056975,0.260741394489762,0.796218220829157,0.249046615917664,0.941171207273856,0.22936553407859,0.901045221137412,0.241648473816724
11.387735653583,0.63708019170951,0.270523543418582,0.644845531017584,0.282730589228602,0.637728230677823,0.242302126045107,0.608064654169881,0.260598789171273,0.653708971769702,0.22806823426843,0.634293018814451,0.227474021756198,0.76751770968445,0.240399580995964,0.765978240878709,0.241386042761466,0.699035468098065,0.28060044043391,0.703258287685338,0.29242516812021,0.677946780352902,0.25078636290482,0.671250546176552,0.250418879530141,0.578044757019479,0.330155176009078,0.554999540444974,0.328432576953238,0.724872168045326,0.25219110776609,0.739115402719887,0.260890454212092,0.793228493735275,0.249184108772195,0.937686687563901,0.22959210615486,0.896536796809116,0.241825022085209
11.4530854036682,0.634848298401001,0.270667439544866,0.642580367750706,0.282852981667115,0.634804572797696,0.242399300244003,0.60527671183407,0.260527143874915,0.649855272431891,0.228313430355288,0.630701419918683,0.227716787176946,0.763250418711348,0.240628394442953,0.761550939739679,0.241631999979023,0.694407188815217,0.280663099402192,0.698576020465923,0.292490361144234,0.675329683852302,0.25080083281079,0.668600703981746,0.250280066619728,0.575675792403207,0.329722004573507,0.55270629715163,0.328383719347011,0.720796197920168,0.252205631649581,0.735086624272098,0.261039282640439,0.790247344189235,0.249315376460583,0.934199518882705,0.229818901371673,0.892011661228461,0.242001699445422
11.5188101703473,0.632636017915675,0.270811412991777,0.640328118508288,0.282975428555247,0.631898510600239,0.242495420930147,0.602508235540893,0.2604502400966,0.646007580629732,0.228558889370317,0.627115126253994,0.227959810787633,0.758974620076241,0.240857426215026,0.75711639199456,0.241878207273452,0.689786703848704,0.280725033399749,0.69389605301033,0.292555053922987,0.672725212875203,0.250815345169564,0.665964196750797,0.250139680873653,0.573311845901536,0.329291197818666,0.550418265191578,0.32833487178858,0.716726890320085,0.252220663438496,0.731058252107811,0.26118787739159,0.787275039055343,0.249440382551299,0.930709725459698,0.230045919935062,0.88746952901246,0.24217850598475
11.5849121056934,0.630443430486981,0.270955463824308,0.638089000530702,0.283097929941397,0.629010651880393,0.242590491839327,0.599759769185985,0.260368116048627,0.642166567477774,0.228804611575191,0.623534727097472,0.228203092853335,0.754690623341841,0.241086676527015,0.752675105353176,0.242124664882131,0.685174486239401,0.280786249976508,0.689219008069779,0.29261924719043,0.670133367538876,0.250829904260446,0.66334107859036,0.249997762268058,0.570952990684318,0.328862791519576,0.548135438973357,0.328286034305796,0.712664971702598,0.252236195895518,0.72703065462035,0.261336236078568,0.784311845197253,0.249559091030191,0.927217331524115,0.230273162051223,0.882910114777405,0.242355441790628
11.6513933741296,0.628270616349,0.271099592107523,0.635863231058747,0.283220485874019,0.626141604433642,0.242684516728878,0.597031856665587,0.260280810216177,0.638332904091083,0.229050597231801,0.619960811726728,0.228446633639384,0.75039873807127,0.241316145593973,0.748227587525786,0.242371373042622,0.680571009029186,0.280846756694968,0.684545508396458,0.292682941684041,0.667554147961252,0.250844514363772,0.660731403607741,0.249854350723142,0.568599299921763,0.328436821274352,0.54585781290593,0.328237206926492,0.708611168525868,0.252252221784623,0.72300420020367,0.261484356310705,0.781358029479087,0.249671466308175,0.923722361305333,0.230500627926516,0.878333133140107,0.242532506950542
11.7182561524999,0.626117655735611,0.271243797906556,0.63365102733309,0.283343096401615,0.623291976055302,0.242777499377478,0.594325041875748,0.260188361350166,0.634507261584565,0.229296846602254,0.616393969419208,0.228690433411361,0.746099273827532,0.24154583363118,0.743774346222523,0.242618331992681,0.675976745259625,0.280906561129972,0.679876176742256,0.292746138144778,0.664987554260057,0.250859179760897,0.658135225910039,0.249709486100782,0.56625084678397,0.328013322506988,0.543585381398129,0.328188389678487,0.704566207247858,0.252268733870822,0.718979257251532,0.261632235693634,0.778413858764818,0.249777473229202,0.920224839032706,0.230728317767461,0.873738298717227,0.242709701552024
11.78550263014,0.623984628880475,0.271388081286618,0.631452606594217,0.283465761572743,0.620462374540343,0.242869443584968,0.591639868712248,0.260090808460107,0.630690311072844,0.229543359948873,0.612834789452132,0.228934492435102,0.74179254017313,0.241775740854134,0.739315889152948,0.242865541970255,0.671392167971968,0.280965670868515,0.675211635858565,0.292808837317072,0.662433586552843,0.250873904734209,0.655552599604212,0.249563208202271,0.563907704440972,0.327592330470374,0.541318138858742,0.328139582589578,0.700530814326196,0.252285724920047,0.714956194157473,0.261779871829315,0.775479599918302,0.249877077078151,0.916724788934163,0.230956231780743,0.869125326124859,0.242887025682657
11.8531350089498,0.621871616018603,0.271532442312987,0.629268186083731,0.283588481436011,0.617653407685977,0.242960353172096,0.588976881072585,0.259988190806596,0.626882723672319,0.229790137534197,0.60928386110413,0.229178810976697,0.737478846673833,0.242005867478562,0.734852724030377,0.243113003213479,0.666817750209316,0.281024093509539,0.670552508499895,0.292871039948802,0.659892244958152,0.250888693567138,0.652983578798011,0.24941555676605,0.561569946063133,0.327173880249442,0.539056079696716,0.328090785687548,0.696505716220615,0.252303187698986,0.710935379316339,0.261927262316048,0.772555519804088,0.249970243588214,0.913222235247398,0.231184370173212,0.864493929982765,0.24306447943007
11.9211555034647,0.619778697384738,0.271676881051016,0.62709798304304,0.283711256040082,0.614865683289118,0.243050231980393,0.586336622853971,0.259880547894558,0.623085170499124,0.23003717962098,0.605741773653592,0.229423389302487,0.733158502895074,0.242236213720413,0.73038535856775,0.243360715960679,0.662253965014365,0.281081836663748,0.665899417420275,0.29293274679128,0.657363529594273,0.250903550544163,0.650428217598952,0.249266571465601,0.559237644820694,0.326758006764099,0.536799198320867,0.328041999000163,0.692491639390528,0.25232111497495,0.706917181122706,0.262074404748497,0.76964188528655,0.250056938949151,0.909717202209414,0.231412733151877,0.859843824910311,0.243242062881943
11.9895663409286,0.617705956844787,0.271821397566009,0.624942217767514,0.283834085433519,0.612099815488401,0.243139083680795,0.583719642700421,0.259767918511307,0.619298327613273,0.23028448647222,0.602209120248233,0.229668227678992,0.728831827820607,0.242466779795926,0.725914311332272,0.243608680450423,0.6577012903028,0.281138907893753,0.661252994033936,0.292993958563476,0.654847443112045,0.250918479930474,0.647886572078952,0.249116291714685,0.556910874642961,0.326344744983636,0.534547489348543,0.327993222555322,0.688489316150285,0.2523394993901,0.702901971444824,0.2622212966828,0.76673896501752,0.250137128698873,0.906209742953185,0.231641320923765,0.855174736061479,0.243419776126049
12.0583697613666,0.615653463663568,0.271965991923833,0.622801098272293,0.283956969665546,0.609356392921574,0.243226912733447,0.581126470168633,0.259650345513799,0.615522851194877,0.230532058351031,0.598686478476876,0.229913326373289,0.724499102561547,0.242697565921297,0.721440057244304,0.243856896921271,0.653160184395894,0.281195315013517,0.656613834931522,0.29305467613162,0.652343977978992,0.250933486074202,0.645358690411246,0.248964757632857,0.554589706407196,0.325934128869193,0.532300946558919,0.327944456380295,0.6844994552709,0.252358334092347,0.698890108183148,0.262367935811921,0.763847020461508,0.250210783335686,0.902699794415183,0.231870133696665,0.85048634622886,0.243597619250022
12.1275680176584,0.613621159094244,0.272110664194776,0.620674724908437,0.284079908790793,0.606635780653388,0.243313730364664,0.578557467471749,0.259527905607516,0.611759223131546,0.230779895519898,0.595174289519338,0.230158685655357,0.720160276189561,0.242928572310586,0.716962688560795,0.24410536561024,0.648630933825271,0.281251067953013,0.651982231395996,0.29311490162711,0.649853037382708,0.250948574042387,0.642844551519135,0.248812016052302,0.552274184232475,0.325526184801069,0.530059556382577,0.327895700496938,0.68052255911266,0.252377616661326,0.694881826778582,0.262514321057913,0.760966250069809,0.2502779132137,0.899186274806924,0.232099171683838,0.845777966811477,0.243775592339859
12.1971633756124,0.611608733508101,0.272255414457726,0.618562987023053,0.284202902874444,0.603937905582183,0.243399561055108,0.576012668856967,0.259400741520637,0.6080075837262,0.231027998239851,0.591672727216149,0.230404305800638,0.715814647033528,0.243159799173435,0.712481547581254,0.244354086751129,0.644113488442997,0.281306180780617,0.647357876357336,0.293174639659036,0.647374349536732,0.250963750310222,0.640343998607357,0.248658127003447,0.549964299796192,0.32512092450687,0.527823290848021,0.327846954916529,0.676558725504687,0.252397353363709,0.690877122671394,0.26266045375894,0.758096728798117,0.250338606397285,0.895666105806368,0.232328435109131,0.84104818133795,0.243953695478301
12.2671581140391,0.609615851803873,0.272400242792538,0.616465752539547,0.284325951982827,0.601262650118148,0.243484430676889,0.573492075272343,0.259269002663472,0.604268038599828,0.231276366771959,0.588181938264272,0.230650187085392,0.71146144735059,0.243391246719213,0.707995900459897,0.244603060577564,0.63960776391743,0.281360667999449,0.642740401993304,0.293233895094115,0.64490762488921,0.250979021497411,0.637856861100986,0.248503151738733,0.547660039451319,0.324718358202126,0.525592120521636,0.327798219649266,0.672608011203074,0.25241755135249,0.686875966934105,0.262806335503496,0.755238519063426,0.250392959380926,0.892136006377414,0.232557924197676,0.836295499434208,0.244131928747787
12.3375545248266,0.607642179359016,0.272545149279153,0.614382889783989,0.284449056182336,0.598609897507753,0.243568365126002,0.570995688291821,0.259132838278388,0.600540694025332,0.231525001377497,0.58470206987085,0.230896329786158,0.707099910640031,0.243622915157495,0.70350501478247,0.244852287323342,0.635113676559316,0.281414544120512,0.638129441623596,0.29329267280091,0.642452574222098,0.250994394222676,0.635382968683968,0.248347151352751,0.545361389650822,0.324318496101045,0.523366015997159,0.327749494705358,0.668670473735953,0.25243821776881,0.682878331097186,0.262951967880786,0.752391683518332,0.250441069086471,0.888592699295299,0.232787639174818,0.831518432115516,0.244310292230797
12.408354913015,0.605687381837569,0.272690133997604,0.612314267323455,0.284572215539434,0.595979531497868,0.243651390331417,0.568523509863932,0.258992397465269,0.596825656665738,0.231773902317948,0.581233269548373,0.231142734179763,0.702729271144226,0.243854804698058,0.699008158991105,0.245101767222436,0.630631143064016,0.281467823665541,0.633524629251296,0.293350977651657,0.640008908517263,0.25100987510487,0.632922151195339,0.248190186789956,0.543068336907612,0.323921348406546,0.521144947884854,0.327700780095021,0.664746171093474,0.25245935974879,0.678884186965265,0.263097352482566,0.749556284956522,0.250483032897309,0.885032909614934,0.233017580266123,0.82671549122832,0.244488786009843
12.4795615968722,0.603751124917752,0.272835197028029,0.610259753736964,0.284695430120668,0.593371435860205,0.243733532268417,0.566075541955776,0.258847829228599,0.593123033203422,0.232023069855001,0.577775684824465,0.231389400543326,0.698348763142487,0.244086915550876,0.694504601570502,0.245351500508983,0.626160080145909,0.281520521171154,0.628925598913381,0.293408814524856,0.63757633876644,0.251025470764527,0.63047423848177,0.248032318856691,0.540780867737538,0.323526925295692,0.518928886795752,0.327652075828465,0.6608351612887,0.252480984433063,0.674893506356535,0.263242490905741,0.746732386178654,0.250518948717578,0.881453362504674,0.233247747697385,0.821885188660373,0.244667410167475
12.5511769079698,0.601833074276253,0.272980338450667,0.60821921760223,0.284818699992668,0.590785494363722,0.243814816958466,0.563651786532421,0.258699282458001,0.589432930318631,0.232272504250549,0.574329463225098,0.231636329154255,0.693957620909988,0.244319247926118,0.68999361100059,0.245601487417293,0.621700404517342,0.281572651188813,0.624331984643101,0.293466188305354,0.635154575960326,0.251041187823986,0.628039060389148,0.247873608219777,0.538498968656163,0.323135236920064,0.516717803340854,0.327603381915891,0.656937502332178,0.252503098967474,0.670906261087731,0.263387384752506,0.743920049984648,0.250548914952825,0.877850783120024,0.233478141694635,0.817026036294807,0.244846164786272
12.6232031912594,0.599932895589567,0.273125558345861,0.606192527496827,0.284942025222146,0.588221590777146,0.243895270468179,0.561252245558721,0.258546905905075,0.58575545469141,0.23252220576669,0.570894752276064,0.231883520290255,0.689555078721633,0.244551802034153,0.685474455760992,0.24585172818184,0.617252032890363,0.281624228284489,0.619743420473343,0.293523103884243,0.632743331089438,0.251057032907404,0.625616446763191,0.247714115404317,0.536222626178962,0.322746293407081,0.514511668131067,0.327554698367495,0.653053252234208,0.252525710503141,0.66692242297539,0.263532035630303,0.7411193391743,0.250573030485678,0.874221896615887,0.233708762484134,0.812136546014442,0.245025049948848
12.6956428051492,0.598050254534368,0.273270856794059,0.604179551998447,0.285065405875899,0.585679608869359,0.243974918908403,0.558876920999704,0.258390848161417,0.58209071300195,0.23277217466573,0.5674716995033,0.23213097422932,0.68514037085244,0.244784578085545,0.680946404331452,0.246102223037269,0.61281488197731,0.281675267038381,0.615159540437271,0.293579566158789,0.63034231514448,0.251073012640799,0.623206227449805,0.247553900791748,0.533951826821513,0.322360104861343,0.512310451777425,0.327506025193466,0.649182469005274,0.252548826196628,0.662941963836231,0.263676445151823,0.738330316547537,0.250591394652258,0.870563428147199,0.233939610292378,0.80721522970224,0.245204065737847
12.7684981215814,0.596184816787097,0.27341623387581,0.602180159684627,0.285188842020806,0.583159432409042,0.244053788433326,0.556525814820174,0.258231257637559,0.578438811930257,0.233022411210177,0.564060452432559,0.232378691249739,0.680712731577284,0.245017576291056,0.676408725191563,0.246352972218393,0.608388868490152,0.281725782044611,0.610579978567695,0.293635580032344,0.627951239115915,0.251089133652075,0.620808232294655,0.247393024618014,0.531686557099261,0.321976681365822,0.510114124890801,0.327457362403985,0.645325210655627,0.252572453210029,0.658964855486742,0.263820614934965,0.735553044904116,0.25060410721903,0.866872102868855,0.234170685346096,0.802260599240982,0.245383212235947
12.8417715261099,0.594336248024409,0.273561689671768,0.600194219133049,0.285312333723831,0.580660945165062,0.244131905239617,0.554198928985143,0.258068282542675,0.574799858156507,0.233272915662745,0.560661158589763,0.232626671630095,0.67627139517117,0.245250796861646,0.671860686821058,0.246603975960192,0.603973909141196,0.281775787910969,0.606004368897749,0.29369115041428,0.625569813994429,0.251105402571066,0.618422291143627,0.247231546971917,0.529426803527776,0.321596032983238,0.507922658082216,0.327408710009227,0.641481535195731,0.252596598711175,0.654991069743623,0.263964546602843,0.732787587043953,0.25061126835991,0.863144645935789,0.234401987872248,0.797271166513616,0.24556248952586
12.9154654179785,0.592504213922836,0.27370722426269,0.598221598921308,0.285435881052022,0.578184030906177,0.24420929556559,0.5518962654595,0.257902070865198,0.571173958360778,0.233523688286357,0.557273965500737,0.232874915649263,0.671815595909032,0.245484240008473,0.66730155769959,0.246855234497816,0.599569920642553,0.281825299258625,0.601432345460381,0.293746282219902,0.623197750770578,0.251121826029569,0.61604823384248,0.24706952779359,0.527172552622553,0.321218169757276,0.505736021962604,0.32736006801936,0.637651500635929,0.252621269873729,0.651020578423453,0.264108241783753,0.730034005766869,0.250612978633821,0.859377782502916,0.234633518098033,0.792245443402996,0.245741897690328
12.9895822101991,0.590688380158995,0.273852837729438,0.596262167627063,0.285559484072508,0.575728573401223,0.244285985690402,0.54961782620822,0.25773277035422,0.56756121922322,0.233774729344136,0.553899020691378,0.233123423586412,0.667344568065858,0.245717905942891,0.662730606306874,0.247106748066583,0.595176819706477,0.281874330721877,0.596863542288673,0.293800980370379,0.620834760435012,0.251138410661389,0.613685890237062,0.246907026873132,0.524923790899141,0.320843101713917,0.503554187142961,0.327311436444545,0.633835164986649,0.252646473877364,0.647053353342899,0.264251702111166,0.727292363872753,0.250609338962539,0.855568237725168,0.234865276250879,0.787181941792048,0.245921436812126
13.064124329631,0.58888841240932,0.273998530152977,0.59431579382784,0.285683142852505,0.57329445641887,0.244362001933268,0.547363613196097,0.257560528501773,0.563961747423818,0.234026039099416,0.550536471687418,0.233372195721008,0.662857545916495,0.245951794876456,0.658147101122471,0.247358516901979,0.590794523044909,0.281922896947881,0.592297593415406,0.293855249792664,0.618480553978177,0.25115516310237,0.611335090173026,0.246744103849361,0.522680504872976,0.320470838862674,0.501377124234152,0.327262815294936,0.630032586258124,0.252672217907872,0.643089366318425,0.264394929223702,0.724562724161351,0.250600450608967,0.851712736757414,0.235097262558451,0.782079173563519,0.246101106974063
13.1390942170603,0.587103976350519,0.274144301614377,0.592382346101361,0.285806857459311,0.570881563728035,0.244437370652723,0.545133628388196,0.257385492525904,0.560375649642807,0.234277617815734,0.547186466014837,0.233621232332809,0.658353763736009,0.246185907020918,0.653550310626178,0.247610541239659,0.586422947370257,0.281971012596428,0.587734132873816,0.293909095419427,0.616134842390823,0.251172089990455,0.608995663496319,0.246580818208766,0.520442681059661,0.320101391197989,0.499204803847238,0.327214204580681,0.626243822460884,0.252698509157382,0.639128589166802,0.264537924765131,0.721845149432622,0.250586415155694,0.847808004754627,0.235329477248649,0.776935650600431,0.24628090825898
13.2144943272799,0.585334737659124,0.274290152194811,0.590461693025221,0.285930627960309,0.568489779097475,0.244512118245891,0.542927873749407,0.257207809354634,0.556803032560262,0.234529465756832,0.543849151199457,0.233870533701869,0.653832455799326,0.246420242588228,0.648939503297643,0.247862821315446,0.58206200939463,0.282018692339682,0.583172794696845,0.293962522188975,0.613797336663504,0.251189197965718,0.606667440052696,0.246417229284535,0.518210305974693,0.319734768700433,0.497037196593153,0.327165604311921,0.62246893160527,0.252725354824447,0.635170993704606,0.26468069038434,0.719139702486389,0.250567334484037,0.843850766871714,0.235561920549606,0.771749884785633,0.246460840749749
13.2903271291696,0.583580362011653,0.274436081975558,0.588553703177008,0.286054454422965,0.566118986295935,0.244586271147791,0.540746351244606,0.257027625610705,0.553244002856238,0.23478158318666,0.540524674767081,0.234120100108537,0.64929285638135,0.246654801790537,0.644313947616488,0.248115357365332,0.577711625830104,0.282065950861953,0.578613212917406,0.294015535045181,0.611467747786757,0.25120649367041,0.604350249687899,0.246253396255768,0.515983366133557,0.319370981338052,0.49487427308282,0.327117014498789,0.618707971701597,0.252752762114221,0.631216551748385,0.26482322773532,0.71644644612246,0.250543310753383,0.839837748263564,0.235794592689691,0.76652038800194,0.246640904529275
13.3665951057773,0.581840515084719,0.274582091037999,0.586658245134376,0.286178336914829,0.563769069092252,0.244659855830686,0.538589062838766,0.25684508759719,0.549698667210893,0.235033970369372,0.537213184243612,0.234369931833458,0.644734199757085,0.246889584840191,0.639672912062445,0.248368149625478,0.573371713388942,0.28211280285948,0.574055021568591,0.294068138937418,0.609145786751234,0.25122398374902,0.602043922247778,0.246089378146833,0.513761848051804,0.319010039067692,0.492716003927235,0.327068435151412,0.614961000760304,0.252780738238638,0.62726523511482,0.264965538477161,0.713765443140725,0.250514446380941,0.835765674085131,0.23602749389751,0.761245672132301,0.246821099680497
13.4433007544001,0.580114862554891,0.274728179463622,0.584775187474947,0.286302275503539,0.561439911255211,0.244732898803433,0.536456010496811,0.256660341283916,0.546167132304325,0.235286627569329,0.533914827154896,0.234620029157573,0.640155720201472,0.247124591949738,0.635015665115175,0.248621198332213,0.5690421887833,0.282159263040205,0.569497854683389,0.294120338820477,0.606831164547524,0.251241674848314,0.599748287578124,0.24592523382684,0.511545738244946,0.318651951836285,0.490562359737356,0.327019866279911,0.611228076791759,0.252809290416542,0.623317015620512,0.265107624274025,0.711096756341031,0.250480844021889,0.831631269491317,0.236260624401901,0.755924249059577,0.247001426286385
13.5204465866661,0.578403070098704,0.274874347334018,0.582904398776321,0.286426270256811,0.559131396553576,0.244805426610883,0.534347196183637,0.256473532294722,0.542649504816615,0.235539555051097,0.53062975102676,0.234870392362119,0.635556651989439,0.247359823331924,0.630341475254329,0.248874503722035,0.564722968725296,0.282205346123566,0.564941346294754,0.294172139654509,0.604523592166188,0.25125957361739,0.5974631755247,0.245761022009273,0.509335023228485,0.318296729582167,0.488413311124121,0.326971307894398,0.607509257806307,0.252838425873857,0.619371865082042,0.265249486795132,0.708440448523203,0.250442606549913,0.827431259637028,0.236493984431942,0.750554630666619,0.247181884429941
13.5980351286167,0.576704803392638,0.275020594730886,0.581045747616057,0.286550321242451,0.556843408756059,0.244877465833298,0.532262621864082,0.256284805895539,0.53914589142779,0.23579275307945,0.527358103384979,0.235121021728629,0.630936229395882,0.247595279199695,0.625649610959517,0.24912806603161,0.560413969926953,0.282251066840293,0.560385130435547,0.294223546404944,0.602222780597724,0.251277686707732,0.595188415933208,0.245596801251758,0.507129689517884,0.317944382236394,0.486268828698428,0.32692276000498,0.603804601814229,0.252868151843745,0.615429755315927,0.265391127714744,0.705796582487023,0.250399837038136,0.823162369677175,0.236727574216945,0.745135328836236,0.247362474194201
13.676068920789,0.575019728113491,0.275166921736025,0.579199102571937,0.286674428528347,0.554575831631655,0.244949043085813,0.530202289503296,0.256094306983276,0.535656398818164,0.236046221919366,0.524100031755611,0.235371917538934,0.626293686695933,0.247830959766198,0.62093934071061,0.249381885497773,0.556115109100829,0.282296439932232,0.555828841139148,0.294274564042441,0.599928440832978,0.251296020773273,0.592923838649689,0.245432629955995,0.504929723628801,0.317594919724145,0.4841288830714,0.326874222621757,0.600114166826155,0.252898475566824,0.611490658139038,0.26553254871217,0.70316522103252,0.250352638740411,0.818821324766764,0.236961393986458,0.739664855451542,0.247543195662232
13.7545505182997,0.57334750993756,0.275313328431344,0.577364332221413,0.286798592182472,0.55232854894894,0.245020185017897,0.528166201066019,0.255902180075566,0.532181133667562,0.236299961836031,0.520855683664244,0.23562308007516,0.621628258163835,0.248066865244776,0.616209932986615,0.249635962357529,0.551826302958507,0.282341480152117,0.551272112437856,0.294325197542794,0.597640283862216,0.251314582470438,0.590669273519648,0.245268566367757,0.5027351120766,0.317248351965887,0.481993444853822,0.326825695754821,0.596438010852164,0.252929404291222,0.607554545367593,0.265673751471704,0.700546426959355,0.250301115073122,0.814404850059437,0.237195443970266,0.734141722394301,0.247724048917134
13.8334824909279,0.571687814541369,0.275459814898854,0.575541305142174,0.286922812272883,0.550101444476813,0.245090918312876,0.526154358517585,0.255708569301253,0.528720202655802,0.236553973094834,0.517625206636521,0.235874509619734,0.616939178071446,0.248302995848975,0.61146065626446,0.24989029684805,0.54754746821126,0.28238620226343,0.546714578362978,0.29437545188688,0.595358020675753,0.251333378458218,0.588424550388806,0.245104668577133,0.500545841376821,0.316904688878897,0.479862484656716,0.32677717941426,0.592776191902551,0.252960945272855,0.603621388817556,0.265814737682653,0.697940263067464,0.250245369597194,0.809909670702941,0.237429724398391,0.728564441542193,0.247905034042039
13.9128674231999,0.570040307610337,0.275606381220671,0.573729889914097,0.287047088867723,0.547894401986018,0.245161269687628,0.524166763813524,0.255513618392534,0.525273712480761,0.236808255961375,0.514408748212775,0.236126206455378,0.612225680821711,0.248539351792542,0.606690779138478,0.250144889206677,0.543278521618493,0.282430621040704,0.542155873026013,0.294425332061006,0.593081362282793,0.251352415398171,0.586189499113436,0.244940994518611,0.498361898048279,0.316563940378082,0.477735973093587,0.32672867361015,0.589128767998587,0.252993105776527,0.599691160339015,0.265955509039752,0.695346792158709,0.25018550600303,0.805332512138834,0.237664235501094,0.722931524991025,0.248086151120111
13.9927079144734,0.568404676768503,0.27575302747795,0.571929960833289,0.287171422032907,0.545707310273308,0.245231266302664,0.52220339618361,0.255317472473049,0.521841813582039,0.237062810701808,0.511206491610279,0.236378170865994,0.607487314228884,0.248775933289617,0.601899851007221,0.250399739670622,0.539019495988827,0.282474752473444,0.537595823071249,0.294474844058686,0.590810065523868,0.251371699837106,0.583963975484344,0.244777601505582,0.496183276839983,0.316226115511156,0.475613887203671,0.326680178351856,0.585495824121727,0.253025895491226,0.595763914005806,0.266096068344873,0.692766082172962,0.250121633511667,0.80067080131032,0.23789897751062,0.717242006137533,0.248267400234571
14.073006579023,0.566780749641541,0.275899753745119,0.570141428673803,0.287295811819681,0.543540090208623,0.24530093797297,0.520264089831764,0.255120287705473,0.518424935538277,0.23731763758474,0.50801884771966,0.236630403141421,0.602725626153744,0.249012740555797,0.597089213232233,0.25065484847535,0.534771164702737,0.282518620250305,0.533035483797863,0.294524000275969,0.588544179713427,0.251391237575083,0.581748000794026,0.244614543725396,0.49401002502194,0.315891217805813,0.473496245031858,0.326631693644202,0.581877617300321,0.253059339535802,0.591840228605286,0.266236425444386,0.690198233838072,0.250053896013614,0.795926441821592,0.238133950670627,0.711498245080922,0.248448781468823
14.1537660461255,0.565168408731128,0.276046560094019,0.568364218507882,0.287420258273566,0.541392675233597,0.245370315576953,0.518348622116729,0.254922224279979,0.515023617341342,0.237572736879876,0.50484631667194,0.236882903574032,0.597942948408154,0.249249773807378,0.592260909564418,0.250910215855738,0.530534591420127,0.282562251089501,0.528476392096588,0.294572815626445,0.586283868805952,0.251411034120922,0.579541661206161,0.244451874056442,0.491842210450684,0.315559248655558,0.471383080695944,0.326583219490234,0.578274471999443,0.253093469092282,0.587920888595008,0.266376592966541,0.687643360733754,0.249982450981456,0.791103091977449,0.238369155229442,0.705703905876016,0.248630294906363
14.234988960146,0.563567536676838,0.276193446596568,0.566598255443654,0.287544761440111,0.53926499882139,0.245439430031982,0.516456770254271,0.254723441918438,0.511638398258031,0.237828108857144,0.501689398822371,0.237135672456543,0.59314161477464,0.249487033260861,0.58741698552027,0.251165842046816,0.526310840530466,0.282605671734034,0.523920086068673,0.294621305041226,0.584029297044026,0.251431094985204,0.577345043047423,0.244289645233611,0.489679901034438,0.315230209487122,0.469274428354061,0.326534755892993,0.574686712853552,0.253128315379958,0.584006678949402,0.266516583574324,0.68510157647195,0.249907455914987,0.786204414493819,0.238604591435712,0.699862655855531,0.248811940630721
14.3166779806247,0.561978016117869,0.276340413324765,0.564843464589055,0.287669321364909,0.537156994444927,0.245508312291453,0.514588311460043,0.254524099858173,0.508269817554743,0.238083753786695,0.498548594525844,0.237388710082007,0.588323959033917,0.249724519132961,0.582559486614658,0.251421727283771,0.522100976422234,0.282648908943911,0.519368103813978,0.294669483462478,0.581780628669736,0.251451425681068,0.575158232644099,0.244127909852147,0.487523164681253,0.314904101766465,0.467170322164153,0.326486302855513,0.571114664496758,0.25316390964104,0.580098384642262,0.266656409958438,0.682572994664407,0.24982906828451,0.781234072082778,0.238840259538388,0.693978162349198,0.248993718725458
14.3988357823639,0.560399729693739,0.276487460350697,0.563099771052231,0.287793938093603,0.535068595577403,0.245576993344487,0.512743022949981,0.254324356847945,0.504918414498145,0.2383396719389,0.495424404137514,0.237642016743813,0.583492314967055,0.249962231640598,0.5776904583628,0.251677871801949,0.517906063484459,0.282691989495982,0.514821983432931,0.294717365843268,0.579538027925515,0.251472031724278,0.572981316322803,0.243966720368675,0.485372069299356,0.314580926999432,0.465070796284372,0.326437860380831,0.567558651563488,0.253200283141635,0.576196790647721,0.266796084837242,0.680057728923101,0.249747445509128,0.776195727456844,0.239076159786732,0.688054092687274,0.24917562927417
14.4814650555153,0.558832560043937,0.27663458774653,0.561367099941306,0.287918611671879,0.532999735691984,0.245645504215649,0.510920681939991,0.254124371144986,0.501584728354871,0.238595863584354,0.492317328012505,0.23789559273569,0.578649016355088,0.250200171000902,0.572811946279872,0.251934275836849,0.513727166106107,0.282734940183759,0.5102832630259,0.294764967147402,0.577301659053756,0.25149291863328,0.570814380410116,0.243806129102312,0.483226682796954,0.314260686732246,0.462975884872847,0.326389428471976,0.564018998688126,0.253237467172639,0.572302681939869,0.266935620956664,0.677555892859981,0.249662744936115,0.771093043328507,0.239312292430311,0.682094114199966,0.249357672360484
14.5645685056686,0.55727638980785,0.276781795584516,0.559645376364339,0.288043342145469,0.530950348261753,0.245713875964715,0.509121065645889,0.25392430051301,0.498269298391487,0.238852328993871,0.48922786650587,0.238149438351701,0.573796396979003,0.250438337431212,0.567925995881006,0.252190939624131,0.509565348676001,0.282777787817285,0.505753480693114,0.294812302349283,0.575071686296758,0.251514091929254,0.568657511232522,0.243646188235906,0.481087073082206,0.313943382552066,0.460885622087644,0.326341007131977,0.560496030504975,0.253275493050707,0.56841684349272,0.267075031090129,0.67506760008693,0.249575123821243,0.765929682410241,0.239548657719002,0.67610189421742,0.249539848068062
14.6481488539396,0.555731101624928,0.27692908393699,0.557934525429431,0.288168129560149,0.528920366759845,0.245782139686471,0.507343951283544,0.253724302221183,0.494972663874597,0.239109068438489,0.486156519972703,0.238403553886252,0.568936790619809,0.250676731149077,0.563034652681354,0.252447863399608,0.505421675583051,0.282820559223025,0.501234174534885,0.294859386433765,0.572848273896877,0.251535557136186,0.566510795116563,0.24348694981739,0.478953308063298,0.313629016087573,0.458800042086869,0.326292596363862,0.556990071648385,0.253314392119289,0.564540060280327,0.2672143280385,0.672592964215869,0.249484739310049,0.760709307414518,0.239785255902991,0.670081100069804,0.249722156480597
14.7322088370597,0.554196578134527,0.277076452876371,0.556234472244613,0.288292973961745,0.526909724659309,0.24585032651056,0.505589116068735,0.253524533044092,0.491695364070725,0.239366082189467,0.483103788768018,0.238657939634085,0.564072531058449,0.250915352372254,0.558139962195996,0.252705047399253,0.501297211216009,0.282863281243777,0.496726882651373,0.294906234396024,0.570631586096367,0.251557319780922,0.564374318388683,0.243328465761244,0.476825455648361,0.313317589009513,0.45671917902856,0.326244196170653,0.553501446752608,0.253354195749663,0.560673117276649,0.267353524630014,0.670132098858649,0.249391748420136,0.755435581053785,0.240022087232772,0.664035399087209,0.249904597681816
14.8167512074652,0.552672701976132,0.277223902475163,0.554545141918011,0.288417875396124,0.524918355433313,0.245918467601367,0.50385633721737,0.25332514926267,0.488437938246514,0.239623370518288,0.480070173246947,0.238912595890282,0.55920595207597,0.251154201318713,0.553243969940128,0.252962491859193,0.497193019963853,0.28290598073862,0.492233143142958,0.294952861241438,0.568421787137629,0.251579385393242,0.562248167375465,0.243170787850075,0.474703583745607,0.313009103031308,0.454643067070849,0.326195806555371,0.550030480452041,0.253394935342063,0.55681679945579,0.26749263372024,0.667685117627224,0.249296308024413,0.750112166040541,0.240259151959151,0.657968458599858,0.250087171755478
14.9017787333877,0.551159355789189,0.277371432805952,0.552866459557722,0.288542833909203,0.522946192554988,0.245986594157941,0.502145391945316,0.253126306666095,0.48520092566857,0.239880933696654,0.477056173764584,0.239167522950265,0.554339387453389,0.251393278206629,0.548348721428908,0.253220197015712,0.493110166215488,0.282948684582874,0.487754494109948,0.294999281985466,0.566219041263015,0.25160175950592,0.560132428403448,0.243013967736293,0.472587760263221,0.31270355990959,0.452571740371838,0.326147427521034,0.546577497381035,0.253436642326784,0.552971891791807,0.267631668192029,0.665252134133514,0.249198574835352,0.74474272508727,0.240496450333241,0.651883945937933,0.250269878785375
14.9872941989444,0.549656422213084,0.27751904394141,0.551198350271802,0.288667849546942,0.520993169497412,0.246054737413948,0.500456057468382,0.252928160554649,0.481984865603445,0.240138771996493,0.474062290675969,0.239422721109796,0.54947517097167,0.251632583254391,0.543456262177444,0.253478163105254,0.489049714359722,0.282991419668088,0.483292473652555,0.295045511653536,0.564023512714815,0.251624447654789,0.55802718779911,0.242858056943907,0.470478053109355,0.312400961444773,0.450505233089589,0.326099059070659,0.543142822173875,0.253479348165353,0.549139179258693,0.26777064095547,0.662833261989394,0.249098705390223,0.739330920906428,0.240733982606468,0.645785528431552,0.250452718855332
15.0733004042295,0.548163783887084,0.277666735954291,0.549540739168223,0.288792922355348,0.519059219733559,0.246122928637681,0.498788111002261,0.252730865743535,0.478790297317586,0.240396885689953,0.471089024336042,0.239678190664977,0.544615636411694,0.251872116680598,0.538568637700748,0.253736390364417,0.485012728785163,0.283034212902061,0.478848619870804,0.295091565280944,0.56183536573519,0.251647455378808,0.555932531888801,0.24270310687042,0.468374530192088,0.312101309481607,0.44844357938208,0.326050701207259,0.539726779464721,0.25352308435173,0.545319446830313,0.267909564947856,0.660428614806648,0.248996856037305,0.733880416210437,0.240971749030568,0.639676873410722,0.250635692049206
15.1598001654061,0.546681323450809,0.277814508917437,0.547893551355202,0.288918052380474,0.517144276736713,0.246191199132104,0.497141329762992,0.252534576567617,0.475617760077752,0.240655275049405,0.468136875100048,0.239933931912252,0.539763117554606,0.252111878704057,0.53368789351412,0.253994879029954,0.481000273881008,0.283077091208894,0.474424470865283,0.295137457912773,0.559654764566683,0.251670788220145,0.553848546999245,0.242549168788874,0.46627725941971,0.311804605909858,0.446386813407535,0.326002353933843,0.536329693888111,0.253567882413632,0.541513479480911,0.268048453133678,0.658038306197331,0.248893182923019,0.728394873711837,0.241209749857588,0.633561648205792,0.250818798450889
15.2467963147977,0.545208923544106,0.277962362903771,0.546256711941116,0.289043239668419,0.515248273980363,0.246259580234937,0.495515490966832,0.252339446887135,0.472467793150904,0.240913940347443,0.465206343323434,0.240189945148405,0.534919948181723,0.252351869543788,0.528816075133043,0.25425362933878,0.477013414036834,0.283120081529064,0.470021564736948,0.295183204603805,0.55748187345208,0.251694451724241,0.551775319457405,0.242396293849961,0.464186308700648,0.311510852664851,0.444334969324339,0.325954017253421,0.532951890078827,0.253613773913797,0.537722062184983,0.268187318504601,0.655662449773674,0.248787841980113,0.722877956123246,0.241447985339889,0.627443520147328,0.251002038144302
15.3342917009818,0.543746466805631,0.278110297986303,0.544630146033513,0.289168484265328,0.513371144936938,0.246328103318736,0.49391037182888,0.252145630094403,0.469340935802952,0.241172881856884,0.462297929360604,0.240446230670563,0.530088462073467,0.252592089419022,0.523955228072039,0.254512641527961,0.473053213640232,0.283163210819449,0.465641439584842,0.295228820418399,0.555316856632884,0.251718451439849,0.549712935588988,0.242244533084171,0.462101745942616,0.311220051727772,0.442288081290042,0.325905691168996,0.529593692670374,0.253660790451112,0.533945979915731,0.268326174079385,0.65330115914699,0.248680988916952,0.717333326156879,0.241686455730141,0.621326156564754,0.251185411213403
15.4222891888826,0.542293835875165,0.278258314238124,0.543013778740722,0.289293786217392,0.511512823079865,0.246396799791114,0.492325749565322,0.251953279121303,0.466237727300791,0.241432099850766,0.459412133566937,0.240702788776195,0.525270993011092,0.2528325385492,0.51910739784654,0.254771915834724,0.469120737080654,0.283206506053549,0.46128563350981,0.295274320430487,0.553159878351811,0.251742792919163,0.547661481720886,0.242093937404262,0.460023639053999,0.310932205126707,0.440246183462979,0.325857375683573,0.52625542629746,0.253708963662317,0.530186017647575,0.268465032903977,0.650954547929453,0.248572779207382,0.711764646525376,0.24192516128133,0.615213224788578,0.251368917742179
15.5107916598649,0.540850913392098,0.278406411732414,0.541407535170799,0.289419145570848,0.509673241882221,0.246465701094902,0.490761401391969,0.251762546447848,0.463158706910967,0.241691594602353,0.45654945629747,0.240959619763112,0.520469874775555,0.253073217153975,0.51427462997165,0.25503145249645,0.465217048746895,0.283249994221568,0.456955684612063,0.295319719723469,0.551011102851154,0.251767481717856,0.545621044179574,0.241944557607619,0.457952055942946,0.310647314936927,0.43820931000121,0.325809070800151,0.522937415594368,0.253758325223195,0.526442960354502,0.268603908051449,0.648622729732933,0.248463368081983,0.706175579941211,0.242164102246752,0.609108392148918,0.251552557814651
15.5998020118288,0.539417581995506,0.278554590542436,0.539811340431707,0.28954456237198,0.507852334817117,0.246534838708432,0.489217104524831,0.251573584111788,0.460104413900309,0.24195136638513,0.453710397907661,0.241216723929468,0.515687441148576,0.253314125453211,0.509458969962185,0.255291251750678,0.461343213028502,0.283293702330592,0.452653130991649,0.295365033390164,0.548870694372873,0.251792523395168,0.54359170929147,0.241796444378873,0.455887064517665,0.310365383281518,0.436177495062799,0.325760776521727,0.519639985195344,0.253808906850079,0.522717593010482,0.268742812622006,0.646305818169556,0.24835291052023,0.700569789113818,0.242403278880019,0.603015325975286,0.251736331514873
15.6893231593039,0.537993724325335,0.278702850741537,0.53822511963172,0.289670036667117,0.506050035357701,0.246604244145718,0.487692636179561,0.251386543718367,0.457075387535105,0.242211415472805,0.450895458752087,0.241474101573762,0.510926025910182,0.253555263666985,0.504662463333781,0.255551313835104,0.457500294313473,0.283337657404816,0.448379510749229,0.295410276532782,0.546738817159858,0.251817923513969,0.541573563383271,0.241649648292412,0.453828732686305,0.310086412332104,0.434150772805896,0.325712492851297,0.516363459734878,0.25386074030135,0.51901070058969,0.268881759743034,0.644003926850951,0.248241561243012,0.694950936759943,0.242642691435057,0.596937693598795,0.251920238926933
15.7793580335455,0.53657922302093,0.278851192403149,0.536648797878885,0.289795568502636,0.504266276977068,0.24667394895689,0.486187773572021,0.251201576452291,0.454072167081961,0.242471742139309,0.448105139185875,0.241731752994836,0.506187962841476,0.253796632015585,0.499887155601477,0.255811638987579,0.453689356990768,0.283381886485725,0.444136361984992,0.295455464262855,0.544615635454346,0.251843687640854,0.539566692781456,0.241504219815312,0.451777128357032,0.309810404309256,0.432129177388569,0.325664219791852,0.513108163847251,0.253913857378939,0.515323068066112,0.269020762569072,0.641717169389047,0.248129474707215,0.689322685591447,0.242882340166104,0.590879162349435,0.252104280134948
15.8699095826301,0.53517396069677,0.278999615600797,0.535082300272271,0.289921157924965,0.502500993147089,0.246743984730449,0.484702293928118,0.25101883310142,0.451095291822458,0.242732346658797,0.445339939588729,0.241989678491873,0.501475585770919,0.254038230719507,0.495135092256367,0.256072227446109,0.449911465492525,0.283426416631691,0.439925222781072,0.295500611700771,0.542501313471924,0.25186982134653,0.537571183804213,0.241360209312914,0.449732319439505,0.309537361480229,0.430112742966127,0.325615957346385,0.509874422159329,0.253968289929568,0.511655480407381,0.26915983428112,0.639445659409499,0.248016805110683,0.683688698112256,0.243122225327714,0.584843399510987,0.252288455223067
15.9609807715521,0.53377782004599,0.279148120408072,0.533525551939389,0.290046804980559,0.500754117343599,0.246814383085617,0.483235974442106,0.250838464020852,0.448145300991001,0.242993229305649,0.442600360262808,0.242247878364409,0.496791228377495,0.254280059999472,0.490408318865435,0.256333079448868,0.446167684114655,0.283471274921051,0.435747631276901,0.295545733977621,0.540396015512529,0.251896330204581,0.535587122796041,0.24121766704028,0.447694373838745,0.309267286171798,0.428101503702684,0.325567705517879,0.506662559321584,0.254024069847811,0.508008722601406,0.269298988089737,0.637189510494683,0.247903706345524,0.678052637483585,0.24336234717476,0.578834072513514,0.252472764275482
16.0525745823206,0.532390683126506,0.27929670689878,0.531978477777053,0.290172509716081,0.49902558300792,0.246885175727969,0.48178859255977,0.250660619483092,0.445222734198564,0.243254390354436,0.43988690213097,0.242506352912289,0.49213722553946,0.254522120076315,0.485708880383253,0.256594195234082,0.442459078243052,0.283516488432966,0.431605125146478,0.295590846222238,0.538299905194828,0.251923219800523,0.533614595886786,0.241076643224093,0.445663359495242,0.30900018068624,0.426095493689453,0.325519464309351,0.503472899791522,0.254081229067252,0.504383579469845,0.26943823721386,0.634948836572533,0.247790332287502,0.672418161582405,0.243602705962388,0.572854847608395,0.252657207376335
16.1446940140576,0.531012436354629,0.279445375145935,0.530441004265487,0.290298272177135,0.497315323819531,0.246956394064221,0.480359924003335,0.250485447344712,0.442328128474718,0.243515830080189,0.437200061860303,0.242765102435926,0.487515903910751,0.254764411171765,0.481038825965778,0.256855575040852,0.438786705790484,0.283562084383824,0.42749924525857,0.295635963651739,0.536213150811826,0.251950495669262,0.53165369068024,0.240937187515486,0.443639344107186,0.308736047893705,0.424094747518792,0.325471233723573,0.500305769351774,0.254139799636174,0.500780836976257,0.269577595029365,0.632723749202181,0.247676834749771,0.666788964528538,0.243843301946363,0.566909399132437,0.252841784610357
16.2373420830958,0.52964302874852,0.279594125210076,0.528913080624937,0.290424092393507,0.495623276870299,0.247028064700805,0.478949719724698,0.250313065708081,0.439461983756184,0.243777548761621,0.434540274971421,0.243024127239253,0.48292947198876,0.255006933517569,0.476400265117857,0.257117219118782,0.435151517295093,0.283608091715116,0.423431578361351,0.295681102627813,0.534135987796514,0.251978162564342,0.529704515944015,0.240799342580388,0.441622391885898,0.308474898122643,0.422099306975329,0.325423013759827,0.497161512810745,0.254199814581893,0.497201297477833,0.269717076802987,0.63051432590516,0.247563339659974,0.661169261098511,0.244084135387161,0.56100151756736,0.253026496070309
16.3305218230773,0.528282502298905,0.279742957133123,0.527394689848424,0.290549970371432,0.493949384321574,0.247100207089652,0.47755769389101,0.250143548780738,0.436624744894411,0.244039546682812,0.431907886177389,0.243283427631283,0.478379962796824,0.255249687360303,0.471795396970459,0.257379127733052,0.431554303835153,0.283654541923137,0.41940377934202,0.295726281208466,0.532068751294199,0.252006224076552,0.527767211878356,0.240663140779938,0.439612561865474,0.308216752720417,0.420109224526365,0.325374804412218,0.494040503234236,0.254261308363822,0.493645787680137,0.269856700601644,0.628320593654934,0.247449934701157,0.655564039301506,0.244325206552118,0.555135165884484,0.25321134186089
16.4242362850532,0.526930902371956,0.27989187095634,0.525885816155062,0.290675906116263,0.49229358851862,0.247172840446555,0.476183559333689,0.249976969066762,0.433816854740682,0.244301824128294,0.429303236894122,0.243543003921581,0.47386940298711,0.255492672947377,0.467226423908538,0.257641301149662,0.427995850699048,0.283701466618691,0.415417505561468,0.295771517523977,0.530011780070326,0.252034683757703,0.525841919824577,0.240528614057751,0.437609912891937,0.307961633424457,0.418124553026945,0.325326605674665,0.490943114713832,0.25432431554915,0.490115135172586,0.269996484630136,0.626142577589551,0.2473367060162,0.649978315220916,0.244566515709171,0.54931431331767,0.253396322087325
16.5184885375835,0.525588275159909,0.280040866720838,0.524386444064067,0.29080189963312,0.490655831851814,0.247245983948382,0.474827028557435,0.24981339857619,0.431038755656987,0.244564381382905,0.426726667730868,0.243802856420136,0.469399817652937,0.255735890526647,0.462695549113403,0.257903739635019,0.424476941758649,0.28374889745816,0.411474414986102,0.295816829730726,0.527965413776294,0.252063545152665,0.523928781403337,0.240395794223588,0.435614503765368,0.307709562062175,0.416145345427082,0.325278417541046,0.487869721592265,0.254388870777156,0.486610167761026,0.270136447155518,0.623980302398056,0.247223739252942,0.644417111809725,0.244808063126679,0.543542930633325,0.253581436855037
16.6132816668372,0.524254666752106,0.280189944467768,0.522896558057258,0.290927950927123,0.489036056705879,0.247319656805234,0.473487814107587,0.249652909270405,0.428290890066188,0.244827218731741,0.424178519397273,0.244062985437316,0.464973232081664,0.255979340346261,0.458204975667147,0.258166443455778,0.420998361062121,0.28379686611873,0.407576165506855,0.295862235994382,0.525929991953144,0.252092811811067,0.522027938200464,0.240264713057992,0.43362639329154,0.307460560443499,0.414171654664935,0.325230240005245,0.484820698180938,0.254455008747471,0.483131713224292,0.270276606479562,0.621833792825362,0.247111119944978,0.638885451165524,0.245049849073356,0.537824988406963,0.25376668626953
16.7086187766938,0.522930123179303,0.280339104238303,0.521416142595161,0.29105406000338,0.487434205462316,0.247393878257421,0.472165628552625,0.249495573050364,0.42557370042581,0.245090336460159,0.421659132660142,0.244323391283869,0.460591671671139,0.256223022654671,0.45375690659537,0.258429412878854,0.417560892758007,0.283845404300176,0.403724414971683,0.295907754490762,0.523905854079078,0.252122487286801,0.52013953178196,0.240135402309778,0.431645640279469,0.307214650368695,0.41220353367191,0.325182073061152,0.48179641877342,0.25452276422284,0.47968059932584,0.270416980940202,0.619703073648196,0.246998933494541,0.633388354898853,0.245291873818275,0.532164457105406,0.253952070436393
16.8045029888447,0.521614690471649,0.280488346073638,0.519945182138085,0.291180226866978,0.485850220502596,0.247468667571406,0.470860184461269,0.249341461738752,0.422887629193736,0.245353734853778,0.419168848286877,0.244584074270929,0.456257161820351,0.256466937700643,0.449353544923088,0.258692648171428,0.414165320995892,0.283894543727059,0.399920821228102,0.295953403406942,0.521893339631647,0.252152575137352,0.518263703713618,0.240007893692074,0.429672303538203,0.306971853637774,0.410241035379344,0.325133916702662,0.478797257663096,0.254592172032134,0.476257653828971,0.270557588913397,0.617588169643615,0.246887265150155,0.627930844615215,0.245534137630879,0.526565307194355,0.25413758946131
16.9009374428955,0.520308414659294,0.28063767001498,0.518483661146335,0.291306451522974,0.484284044208187,0.24754404404018,0.46957119440224,0.249190647089254,0.420233118827849,0.245617414198481,0.416708007044876,0.244845034710013,0.451971727928291,0.256711085733255,0.444997093675318,0.25895614960095,0.410812429925357,0.283944316149399,0.396167042123626,0.295999200941349,0.519892788088403,0.252183078923847,0.516400595561234,0.239882218884726,0.427706441876789,0.306732192053149,0.408284212718573,0.325085770923671,0.475823589143349,0.254663267072551,0.472863704496982,0.270698448813301,0.615489105588675,0.24677620000804,0.622517941920109,0.245776640780972,0.521031509139509,0.25432324345006
16.9979252964686,0.519011341772389,0.280787076103553,0.517031564080218,0.291432733976402,0.482735618960558,0.24762002698371,0.468298370944259,0.249043200796335,0.417610611786035,0.245881374780416,0.41427694970154,0.245106272913025,0.447737395393948,0.256955467001898,0.440689755877075,0.259219917435138,0.407503003695988,0.283994753343353,0.39246473550577,0.296045165303842,0.517904538926898,0.252214002211111,0.514550348890603,0.239758409536801,0.425748114104277,0.306495687422221,0.406333118620934,0.325037635718079,0.472875787507564,0.254736084311862,0.469499579093173,0.270839579092428,0.613405906260433,0.24666582301405,0.617154668419039,0.246019383538727,0.515567033406566,0.254509032508514
17.0954697253071,0.517723517845465,0.280936564380594,0.515588875401663,0.291559074232268,0.481204887141486,0.247696635749068,0.467041426654411,0.248899194503216,0.415020550523712,0.246145616885993,0.41187601702014,0.245367789192253,0.443556189608278,0.257200081756279,0.436433734557649,0.259483951941978,0.404237826450119,0.284045887112069,0.388815559225356,0.296091314715891,0.515928931629398,0.252245348567675,0.512713105269062,0.239636497268679,0.423797379029527,0.306262361560524,0.404387806018319,0.324989511079787,0.469954227050538,0.254810658790784,0.466166105382085,0.270980998241962,0.611338596433668,0.246556218964144,0.611846045753453,0.246262366174681,0.510175850469363,0.254694956742639
17.193573923378,0.516444988931646,0.281086134887356,0.514155579579468,0.291685472295551,0.479691791134024,0.247773889709834,0.465800074092831,0.248758699805561,0.412463377485822,0.24641014080189,0.409505549746404,0.245629583860376,0.439430135928089,0.257444930246423,0.432231232764451,0.259748253389732,0.401017682299283,0.284097749286837,0.385221171147231,0.296137667410953,0.513966305698167,0.252277121565666,0.510889006270482,0.239516513673137,0.421854295460593,0.306032236296049,0.402448327844961,0.3249413970027,0.467059282073056,0.25488702562557,0.462864111133522,0.271122724792379,0.609287200873467,0.246447472501219,0.60659709571743,0.246505588959744,0.504861930836254,0.254881016258499
17.2922411029777,0.515175801078376,0.281235787665106,0.51273166107999,0.291811928171201,0.47819627332004,0.247851808268299,0.464574025820549,0.248621788272616,0.409939535118945,0.246674946815047,0.407165888629597,0.245891657230457,0.435361259717859,0.257690012722668,0.42808445353892,0.260012822046925,0.39784335536119,0.284150371727169,0.381683229130852,0.296184241634112,0.512017000629223,0.252309324781108,0.509078193466012,0.239398490320384,0.419918922205106,0.305805333468877,0.400514737033776,0.324893293480723,0.464191326873133,0.254965220009825,0.459594424114595,0.271264777312877,0.607251744346627,0.246339668127354,0.60141284006474,0.246749052165189,0.499629245005167,0.255067211162249
17.3914744948362,0.513916000326813,0.281385522755128,0.511317104367902,0.291938441864148,0.476718276082553,0.247930410856332,0.463362994403519,0.248488531459375,0.407449465876095,0.246940035212669,0.404857374428473,0.246154009615946,0.431351586358773,0.257935329435665,0.423995599916367,0.260277658182356,0.394715629770395,0.284203786321683,0.378203391032716,0.296231055642246,0.510081355911889,0.252341961794114,0.507280808425969,0.239282458761316,0.417991318072233,0.30558167493406,0.398587086518017,0.324845200507768,0.461350735748316,0.255045277217346,0.456357872092348,0.271407174411637,0.605232251625721,0.246232890208063,0.596298300482993,0.246992756062661,0.494481763461029,0.255253541560143
17.4912773482238,0.512665632716865,0.281535340198723,0.509911893906442,0.292065013379294,0.475257741801928,0.248009716935022,0.462166692403803,0.248359000912993,0.404993612206636,0.247205406282226,0.402580347897309,0.246416641330682,0.427403141226453,0.258180880636385,0.419966874932176,0.260542762065089,0.391635289653112,0.284258024989062,0.374783314706109,0.296278127704236,0.508159711034339,0.252375036188683,0.5054969927181,0.2391684505289,0.416071541869253,0.305361282564554,0.396665429229054,0.324797118077747,0.458537882993696,0.255127232604074,0.453155282831364,0.271549934736151,0.603228747479912,0.246127222972201,0.59125849867605,0.247236700924171,0.489423456690226,0.255440007558523
17.591652931057,0.511424744292511,0.281685240037207,0.508516014161556,0.292191642721516,0.473814612862008,0.248089745995476,0.46098483238739,0.248233268184296,0.402572416563005,0.247471060311453,0.40033514979356,0.246679552688893,0.423517949698744,0.258426666576111,0.416000481623907,0.260808133964461,0.388603119141766,0.284313119679122,0.371424658010128,0.296325476101222,0.506252405488842,0.252408551552966,0.503726887914221,0.239056497141439,0.41415965240567,0.30514417825498,0.394749818100902,0.324749046184575,0.455753142908166,0.255211121611552,0.449987484099904,0.271693076973661,0.601241256681294,0.246022750515476,0.586298456347791,0.2474808870221,0.484458295181765,0.255626609263831
17.6926045300054,0.510193381094889,0.281835222311911,0.507129449597285,0.292318329895666,0.472388831644192,0.248170517559262,0.459817126917531,0.248111404839508,0.400186321395427,0.247736997588349,0.398122120872419,0.246942744005196,0.41969803715183,0.258672687506446,0.412098623027437,0.261073774150078,0.385619902364382,0.284369102373537,0.368129078799709,0.296373119126633,0.504359778764766,0.252442511479161,0.501970635583279,0.238946630105113,0.412255708489409,0.304930383923133,0.392840306065704,0.32470098482217,0.452996889787886,0.255296979768613,0.44685530366356,0.271836619851163,0.599269803999896,0.245919556805341,0.58142319520184,0.247725314629202,0.479590249422628,0.255813346782602
17.7941354505997,0.508971589166253,0.281985287064185,0.505752184678435,0.292445074906567,0.470980340530861,0.248252051179048,0.45866328855856,0.247993482471526,0.397835769155078,0.248003218401181,0.395941601890029,0.247206215594596,0.415945428962683,0.258918943679308,0.408263502179475,0.261339682891816,0.382686423450809,0.284426005086947,0.364898234931541,0.29642107508645,0.502482170352663,0.252476919563669,0.500228377295386,0.238838880917006,0.410359768929047,0.304719921513454,0.390936946056372,0.324652933984455,0.450269497930181,0.255384842694565,0.443759569289088,0.271980582135825,0.597314414206588,0.245817725684758,0.576637736942114,0.247969984018597,0.474823289900792,0.256000220221465
17.8962490173397,0.507759414548418,0.28213543433539,0.504384203869499,0.292571877759021,0.469589081903992,0.248334366439142,0.457523029874378,0.247879572711692,0.395521202292693,0.248269723038479,0.393793933602107,0.24746996777249,0.41226215050785,0.259165435346935,0.404497322116267,0.261605860459825,0.379803466530097,0.284483859867901,0.361733784261528,0.296469362299347,0.500619919742588,0.252511779407115,0.498500254620165,0.238733281067917,0.40847189253288,0.304512812999488,0.38903979100549,0.324604893665352,0.447571341631848,0.25547474610165,0.440701108742695,0.272124982635194,0.595375112071883,0.245717340876907,0.571947103272268,0.248214895463782,0.470161387103678,0.256187229687145
17.9989485738032,0.506556903283351,0.282285664166906,0.503025491635085,0.2926987384578,0.468214998145714,0.248417482956117,0.456396063429036,0.247769747241734,0.393243063259203,0.24853651178904,0.39167945676455,0.247734000854666,0.408650227164112,0.259412162761881,0.400802285874318,0.261872307124522,0.376971815731626,0.284542698799936,0.358637384645917,0.296517999096913,0.498773366424786,0.252547094614433,0.496786409127427,0.238629862045346,0.406592138109314,0.304309080386809,0.387148893845766,0.324556863858788,0.444902795189904,0.255566725797893,0.437680749790834,0.272269840197522,0.593451922366435,0.245618485989976,0.56735631589619,0.24846004923862,0.465608511519042,0.256374375286462
18.1022374827554,0.505364101413075,0.282435976600129,0.50167603243985,0.292825657007653,0.466858031638197,0.248501420379403,0.455282101786724,0.247664077805872,0.391001794505328,0.248803584941927,0.389598512133121,0.247998315157301,0.405111684307511,0.259659126177019,0.397180596489286,0.262139023156598,0.374192255184518,0.284602554002644,0.355610693940427,0.296567003823856,0.496942849889463,0.252582868794919,0.495086982386984,0.238528655336457,0.404720564466775,0.304108745715799,0.385264307509971,0.324508844558694,0.442264232901276,0.255660817689875,0.434699320199675,0.272415173712063,0.591544869860893,0.245521244522244,0.562870396515926,0.24870544561735,0.461168633633035,0.25656165712633
18.2061191262593,0.504181054979838,0.282586371676469,0.500335810748484,0.292952633413301,0.465518124763761,0.248586198391957,0.454180857511332,0.247562636223448,0.388797838483245,0.249070942786469,0.387551440464646,0.248262910996966,0.40164854731836,0.259906325845542,0.393634457001697,0.262406008827014,0.371465569019997,0.284663457632819,0.352655370004344,0.29661639483822,0.495128709627521,0.252619105562302,0.49340211596909,0.238429692431162,0.402857230413807,0.303911831064481,0.38338608493081,0.324460835759,0.439656029063759,0.255757057785605,0.431757647737296,0.272561002109379,0.589653979326229,0.245425699867664,0.55849436684386,0.248951084874583,0.456845723941058,0.25674907531376
18.310596905786,0.503007810026728,0.282736849437354,0.499004811025424,0.293079667679441,0.464195219905078,0.248671836711016,0.453092043164332,0.247465494402508,0.386631637653406,0.249338585612261,0.385538582521835,0.248527788690623,0.398262841602533,0.260153762020961,0.390166070481202,0.262673264407005,0.368792541381046,0.284725441885703,0.349773070717694,0.296666190511573,0.49333128513342,0.252655808534819,0.491731951446025,0.23833300482537,0.401002194759263,0.303718358551274,0.381514279040117,0.324412837453643,0.437078557979659,0.255855482197455,0.428856560182602,0.272707344361579,0.587779275534847,0.245331935322309,0.554233248655491,0.249196967285305,0.452643752994525,0.256936629955856
18.4156742423264,0.501844412609093,0.28288740992423,0.497683017734655,0.29320675981075,0.462889259451498,0.248758355090289,0.45201537128425,0.247372724364115,0.384503634568593,0.249606513709162,0.383560279133874,0.248792948555628,0.394956592844446,0.260401434957105,0.386777640314747,0.262940790168068,0.36617395654313,0.284788538997434,0.346965454189795,0.296716409228917,0.491550915943617,0.252692981335535,0.490076630415393,0.238238624026502,0.399155516317321,0.303528350337729,0.379648942762657,0.324364849636567,0.434532194003659,0.255956127146186,0.425996885435181,0.272854219481884,0.585920783277198,0.245240034098815,0.550092064408862,0.249443093124873,0.448566691952821,0.257124321159817
18.5213545765032,0.500690908839771,0.283038053178582,0.496370415337729,0.293333909811909,0.461600185823532,0.248845773326818,0.450950554300806,0.247284398302458,0.382414272217224,0.24987472736729,0.3816168714435,0.249058390909729,0.391731828043717,0.260649344908107,0.383471371387459,0.263208586381948,0.363610599406662,0.28485278125136,0.344234179612191,0.296767069387499,0.489787941792431,0.252730627593403,0.488436294593942,0.23814658156636,0.397317253927031,0.303341828630488,0.377790128989457,0.324316872301741,0.432017311737276,0.256059028968081,0.423179451964022,0.273001646521665,0.584078527428602,0.245150079367523,0.546075839785632,0.249689462669024,0.444618514846398,0.25731214903292
18.6276413686833,0.4995473449063,0.283188779241936,0.495066988292469,0.293461117687613,0.460327941481924,0.248934111264138,0.44989730450013,0.247200588616772,0.380363994159019,0.250143226877014,0.379708701004461,0.249324116071071,0.388590575926133,0.2608974921284,0.380249470550838,0.263476653320623,0.361103255691293,0.284918200981316,0.341580907596053,0.296818189396486,0.488042702673128,0.252768750943713,0.486811085854042,0.238056909008134,0.395487466459651,0.303158815683701,0.375937890566734,0.324268905443171,0.429534286105312,0.256164224119557,0.420405088984901,0.273149644569455,0.582252532975228,0.24506215427689,0.542189604699419,0.249936076193871,0.440803199474366,0.257500113682519
18.7345380990916,0.498413751019793,0.283339588150059,0.493772721789507,0.293588383434043,0.459072460253317,0.249023386587344,0.448855364626555,0.247121351174589,0.378353122364496,0.250412012531806,0.377836021874954,0.249590124358122,0.385534497997805,0.261145876877017,0.377113726342028,0.263744991264278,0.35865253672237,0.284984828762119,0.33900699665886,0.296869788190776,0.486315483407423,0.252807354674165,0.485201112876786,0.237969634495389,0.393666205885314,0.302979334139759,0.374092289812969,0.324220949048085,0.427083423180892,0.256271747716227,0.41767446678278,0.273298233932473,0.580442801260407,0.244976329536614,0.538437488890203,0.250182933975393,0.437123921956027,0.257688215220206
18.8420482679242,0.497290087586914,0.283490479913478,0.492487604220598,0.293715707010223,0.45783363823979,0.249113607420707,0.447824610500297,0.247046669197921,0.376381447560763,0.250681084637816,0.375998705830384,0.24985641608945,0.382563651322766,0.261394499432029,0.374064099615265,0.264013600528093,0.356258291867188,0.285052687334901,0.336512485421042,0.296921886954051,0.484606327762738,0.252846440537362,0.483606339324336,0.237884771182108,0.391853494021517,0.302803408162933,0.372253430431863,0.3241730030741,0.424664728212252,0.256381628620909,0.414987561247583,0.273447440103138,0.57864923032746,0.244892621799175,0.534819689095243,0.250430036287714,0.433580355742698,0.257876453775793
18.9501753954639,0.496176295501626,0.283641454535608,0.491211624872367,0.293843088364698,0.456611360998163,0.249204779226357,0.446804955140939,0.246976505826378,0.374448611974142,0.250950443505,0.374196517784993,0.250122991583932,0.379677644468201,0.261643360077147,0.371100040324426,0.264282481437403,0.353920157499592,0.285121797275081,0.334097043546372,0.296974507511605,0.482915212123575,0.252886009859143,0.482026688321131,0.237802328076639,0.390049344257095,0.302631062381486,0.370421427695763,0.324125067470579,0.422278122356776,0.256493894024117,0.412344154161951,0.273597290068977,0.576871689343847,0.244811032653819,0.531335302641841,0.250677383404697,0.430171195169202,0.258064829484317
19.0589230221947,0.495072313525562,0.283792512019025,0.489944773129273,0.293970527444752,0.45540551293289,0.24929690719046,0.445796315633363,0.246910822262635,0.37255424160243,0.251220089444038,0.37242921097499,0.250389851160829,0.376876036988402,0.261892459097088,0.368220942590874,0.264551634319095,0.351637746717032,0.285192178952754,0.331760300378166,0.29702767177495,0.481242105510712,0.25292606392176,0.480462078561598,0.237722313786512,0.388253769059809,0.302462321524739,0.368596398141304,0.324077142186009,0.419923517582224,0.25660857103004,0.409744006096012,0.273747811036167,0.575110044321436,0.244731562090943,0.527983306710933,0.250924975600505,0.426895027570003,0.258253342481547
19.1682947089183,0.493978081765662,0.283943652366728,0.488687038314129,0.294098024198261,0.454215979175499,0.24938999670143,0.444798606497936,0.246849581393833,0.370697972681376,0.251490022765724,0.370696546003835,0.250656995139806,0.374158419357822,0.26214179677664,0.365426235758339,0.264821059499874,0.349410687301189,0.285263852925989,0.329501910696315,0.29708140163093,0.479586981590493,0.252966604040604,0.478912431534977,0.237644737267597,0.386466781478546,0.302297210353258,0.366778457507609,0.324029227169478,0.417600831653793,0.256725686976279,0.407186891002047,0.273899030174155,0.573364163262899,0.244654211192991,0.524762754278573,0.251172813149706,0.423750507781504,0.258441992903078
19.2782940368702,0.492893539912817,0.284094875581498,0.487438409768419,0.294225578572756,0.453042644632483,0.249484053108052,0.443811743046567,0.246792745948477,0.36887943828423,0.251760243781273,0.368998281199117,0.250924423840918,0.371524372500679,0.262391373401134,0.362715338291531,0.265090757307146,0.347238602497568,0.285336839743012,0.327321521423649,0.297135718998456,0.477949812593883,0.253007631525376,0.477377667866755,0.23756960744636,0.384688394382396,0.302135753699064,0.364967721779749,0.323981322369927,0.415309980545558,0.256845269275505,0.404672578698631,0.274050974745932,0.571633913555631,0.244578980772481,0.521672674910925,0.251420896327219,0.420736269791284,0.258630780884791
19.3889246078374,0.491818627761811,0.284246181666086,0.486198876829554,0.294353190515697,0.451885394266803,0.249579081790994,0.44283564039582,0.246740279030669,0.367098272268532,0.252030752802234,0.367334175453024,0.251192137584618,0.368973479708112,0.262641189256307,0.360087671351364,0.265360728068755,0.345121116676954,0.285411160001702,0.32521878143107,0.29719064581237,0.476330571108359,0.253049147691587,0.475857708397277,0.237496933332473,0.382918620685472,0.301977976458386,0.363164306882409,0.32393342773637,0.413050880676235,0.256967345465458,0.402200840029428,0.274203672070612,0.569919162740093,0.244505871772981,0.518712103974857,0.251669225408336,0.417850952753547,0.258819706562718
19.500190044276,0.490753285080292,0.284397570623168,0.484968428835563,0.294480859974405,0.450744113026458,0.249675088145175,0.441870213711545,0.246692143979148,0.365354108291004,0.25230155014051,0.365703987513035,0.251460136691754,0.366505323666388,0.262891244628338,0.357542655409765,0.265630972113053,0.343057853921772,0.285486834335854,0.323193339091058,0.297246204027978,0.474729229629704,0.253091153857681,0.474352473911381,0.237426723991978,0.381157473290024,0.301823903597396,0.361368328755267,0.323885543217839,0.410823448350342,0.257091943199376,0.399771445575676,0.274357149533588,0.568219778317185,0.244434885169546,0.515880075355807,0.251917800668711,0.415093194502593,0.259008770073075
19.6120939894302,0.489697451640432,0.284549042455355,0.48374705512476,0.294608586896077,0.449618685862127,0.249772077584137,0.440915378152895,0.246648304392441,0.363646580038313,0.252572636108356,0.364107476148336,0.251728421483572,0.364119487150915,0.26314153980384,0.355079711040166,0.265901489768882,0.341048438357651,0.285563883419598,0.321244842850071,0.297302415620579,0.473145760667739,0.253133651345762,0.472861885202622,0.237358988554916,0.37940496510037,0.301673560155286,0.359579903336182,0.323837668763398,0.408627599889735,0.2572190902515,0.397384165957699,0.274511434585133,0.566535627794035,0.244366021992028,0.513175623156683,0.252166622384365,0.412461633066847,0.259197971552255
19.7246401074509,0.488651067213875,0.284700597165189,0.482534745035056,0.294736371227788,0.448508997724009,0.249870055539686,0.439971048878337,0.246608724118815,0.361975321197102,0.252844011018377,0.362544400127958,0.251996992281715,0.361815552938121,0.263392075069861,0.352698258817197,0.26617228136558,0.339092494109951,0.285642327967879,0.319372941154833,0.297359302586023,0.471580136731877,0.253176641481505,0.471385863064073,0.237293736215501,0.377661109020512,0.301526971247534,0.357799146562578,0.323789804322139,0.406463251615937,0.257348814519102,0.395038771795839,0.2746665547414,0.564866578677419,0.24429928332245,0.510597781483729,0.252415690831689,0.409954906477328,0.25938731113683
19.8378320835167,0.487614071572104,0.284852234755147,0.48133148790429,0.294864212916484,0.447414933562173,0.249969027462075,0.439037141046333,0.246573367250058,0.360339965453503,0.253115675183532,0.361014518220534,0.252265849408223,0.359593103803106,0.263642850713885,0.350397719313975,0.266443347232979,0.337189645303252,0.28572218873744,0.317577282450863,0.297416886941217,0.470032330331226,0.253220125594185,0.46992432828858,0.23723097623319,0.375925917954364,0.301384162069458,0.356026174371831,0.323741949843183,0.40433031985011,0.257481144025131,0.392735033709769,0.274822537585246,0.563212498473947,0.244234670295031,0.508145584440112,0.252665006287439,0.407571652762241,0.259576788963548
19.9516736239535,0.486586404487497,0.285003955227639,0.480137273070896,0.294992111908988,0.446336378327461,0.250068998820227,0.438113569816178,0.246542198115498,0.358740146494432,0.25338762891713,0.359517589195476,0.252534993185536,0.357451722521746,0.263893867023835,0.348177513104457,0.266714687701409,0.335339516063636,0.285803486527859,0.315857515185196,0.297475190724646,0.468502313975847,0.25326410501673,0.468477201669913,0.237170717933822,0.374199404806344,0.301245157899891,0.354261102701905,0.323694105275682,0.402228720914341,0.257616106920984,0.390472722320133,0.274979410767108,0.561573254690895,0.244172184096291,0.50581806612971,0.252914569028741,0.405310509950972,0.25976640516934
20.0661684563566,0.485568005732088,0.285155758585007,0.478952089873076,0.295120068151996,0.445273216970424,0.250169975101912,0.43720025034681,0.246515181276148,0.357175498006645,0.253659872532835,0.358053371821992,0.252804423936492,0.355390991870016,0.264145124288069,0.346037060762735,0.266986303101694,0.333541730516795,0.285886242182515,0.314213287804606,0.297534235996871,0.466990060175492,0.253308581085712,0.467044404001519,0.237112970710654,0.372481582480689,0.301109984104473,0.352504047490533,0.323646270568817,0.40015837113045,0.257753731488997,0.388251608247386,0.275137202005808,0.559948714835311,0.244111825965389,0.503614260657065,0.253164379333091,0.403170116073296,0.25995615989131
20.1813203297124,0.484558815077344,0.285307644829525,0.477775927648647,0.295248081592078,0.444225334441117,0.250271961813928,0.43629709779663,0.24649228151883,0.355645653676386,0.253932406344663,0.356621624868793,0.253074141984329,0.353410494623394,0.264396622795386,0.343975782862361,0.267258193765159,0.331795912787451,0.285970476589604,0.312644248754885,0.297594044841054,0.465495541439296,0.253353555141364,0.465625856076249,0.237057744025432,0.370772463881305,0.300978666139158,0.350755124675064,0.323598445671796,0.398119186819655,0.257894046145106,0.386071462111354,0.275295939089429,0.55833874641381,0.244053597194303,0.501533202126269,0.253414437478352,0.401149109158231,0.260146053266747
20.2971330145215,0.483558772295239,0.285459613963401,0.476608775735766,0.295376152175679,0.443192615690027,0.250374964482317,0.435404027324526,0.246473463850328,0.354150247190278,0.254205230666985,0.355222107104978,0.253344147652684,0.351509813557624,0.264648362835024,0.341993099977159,0.267530360023625,0.330101687001098,0.28605621068321,0.311150046482557,0.297654639363538,0.46401873027691,0.253399028527631,0.464221478687463,0.23700504740954,0.369072061912377,0.300851229553987,0.349014450193182,0.32355063053386,0.396111084303648,0.258037079441714,0.383932054532325,0.275455649876274,0.556743216933373,0.243997499127881,0.499573924641456,0.25366474374276,0.399246127235128,0.260336085433116
20.4136103029215,0.482567817157581,0.285611665988775,0.475450623472474,0.295504279849118,0.442174945667498,0.250478988652561,0.434520954089225,0.246458693491702,0.352688912234808,0.254478345814525,0.353854577299511,0.253614441265597,0.349688531448341,0.26490034469666,0.340088432680844,0.267802802209414,0.328458677282957,0.286143465444344,0.30973032943389,0.2977160416944,0.462559599197813,0.25344500259218,0.462831192628349,0.236954890465086,0.367380389477994,0.300727699996574,0.347282139982452,0.323502825104276,0.394133979903956,0.258182860070374,0.381833156130415,0.275616362295781,0.555161993900854,0.243943533164115,0.497735462306726,0.253915298404919,0.397459808333207,0.260526256528062
20.5307560088121,0.481585889436533,0.285763800907719,0.474301460197071,0.295632464558586,0.441172209324202,0.250584039889793,0.433647793249809,0.246447935872626,0.351261282496831,0.254751752102361,0.352518794221708,0.253885023147507,0.34794623107153,0.265152568670413,0.338261201547515,0.268075520655348,0.326866507758914,0.286232261902041,0.308384746055796,0.297778273988057,0.461118120711891,0.253491478686433,0.461454918692493,0.236907282866051,0.365697459482479,0.300608103215856,0.345558309980716,0.323455029332342,0.392187789942543,0.258331416864665,0.379774537526205,0.275778104349521,0.553594944823406,0.243891700754281,0.496016849226382,0.254166101743807,0.395788790482137,0.26071656668941
20.6485739679789,0.480612928903653,0.285916018722238,0.473161275247435,0.295760706250149,0.440184291610267,0.250690123778965,0.432784459964762,0.246441156625811,0.349866991662661,0.255025449845928,0.351214516640352,0.254155893623255,0.346282495202769,0.265405035046841,0.336510827150805,0.26834851569475,0.325324802553835,0.286322621134401,0.307112944794236,0.297841358423834,0.459694267328369,0.253538458165571,0.460092577672834,0.236862234359352,0.364023284829782,0.300492465065565,0.343843076125376,0.323407243167384,0.390272430740707,0.258482778802877,0.377755969339597,0.275940904112152,0.552041937207705,0.243842003403213,0.494417119504664,0.25441715403877,0.39423171171108,0.260907016055167
20.7670680382202,0.479648875330851,0.286068319434268,0.472030057961677,0.295889004869746,0.439211077476127,0.250797245925083,0.431930869392914,0.246438321581431,0.348505673418859,0.255299439361014,0.349941503324482,0.254427053018085,0.344696906617703,0.265657744116948,0.334836730064454,0.268621787661444,0.323833185793095,0.28641456426973,0.305914574095594,0.297905317206611,0.458288011556833,0.253585942388578,0.458744090362668,0.236819754766027,0.362357878424055,0.300380811508112,0.342136554354072,0.323359466558759,0.388387818620074,0.25863697501102,0.375777222190809,0.276104789732484,0.550502838560684,0.243794442669386,0.492935307245561,0.254668455569532,0.39278721004925,0.261097604763517
20.8862420994721,0.478693668489993,0.286220703045678,0.470907797677881,0.296017360363189,0.438252451872209,0.250905411953402,0.431086936693077,0.246439396761693,0.347176961451959,0.255573720963765,0.348699513043095,0.254698501657643,0.34318904809177,0.265910696172177,0.33323833086208,0.268895336889758,0.322391281601989,0.28650811248765,0.304789282406053,0.297970172567448,0.456899325906837,0.253633932718256,0.457409377555262,0.236779853982362,0.360701253169454,0.300273168618251,0.340438860604441,0.323311699455851,0.386533869902256,0.258794034765686,0.373838066700045,0.276269789434526,0.548977516389269,0.243749020165175,0.491570446552552,0.254920006616183,0.391453923525528,0.261288332952827
21.0061000539366,0.477747248153074,0.286373169558269,0.469794483734228,0.296145772676164,0.437308299748981,0.251014627509626,0.430252577024117,0.246444348375418,0.345880489448683,0.255848294970682,0.347488304565393,0.25497023986798,0.341758502401269,0.266163891504419,0.331715050117912,0.269169163714525,0.320998714106174,0.286603287020243,0.303736718172577,0.298035946764247,0.455528182888061,0.253682430521258,0.456088360043993,0.236742541981049,0.359053421970145,0.300169562586883,0.338750110814157,0.323263941808074,0.384710500908999,0.258953987497008,0.371938273487667,0.276435931518576,0.547465838200439,0.243705737557011,0.490321571531035,0.255171807459193,0.390230490170132,0.261479200761645
21.1266458262086,0.47680955409131,0.286525718973773,0.468690105468323,0.29627424175423,0.436378506056523,0.251124898260132,0.429427705544456,0.246453142812717,0.344615891094701,0.256123161698622,0.346307636659459,0.255242267975549,0.340404852318484,0.266417330406006,0.330266308403235,0.269443268471079,0.319655107429321,0.286700109153148,0.302756529838295,0.298102662082384,0.454174555009387,0.25373143716809,0.454780958621532,0.236707828812307,0.357414397730109,0.300070019724649,0.337070420920555,0.323216193564873,0.382917627961204,0.259116862791528,0.370077613173054,0.276603244362293,0.545967671500757,0.243664596565707,0.489187716277802,0.255423858379402,0.389115548007087,0.261670208328699
21.2478833634048,0.475880526083923,0.286678351293853,0.46759465222398,0.296402767542815,0.435462955747406,0.251236229891878,0.428612237415452,0.246465746639806,0.343382800088936,0.256398321464802,0.345157268107688,0.255514586307209,0.339127680676596,0.266671013169716,0.328891526333287,0.269717651495263,0.318360085719839,0.286798600227452,0.301848365900586,0.298170340835759,0.452838414787953,0.253780954033207,0.453487094087332,0.236675724605346,0.35578419335391,0.299974566467959,0.335399906863576,0.323168454675719,0.381155167388959,0.25928269039633,0.3682558563872,0.276771756422352,0.544482883800298,0.243625598965496,0.488167915024712,0.255676159658027,0.38810773515504,0.261861355792899
21.369816635293,0.474960103819201,0.286831066520118,0.466508113273711,0.29653134998725,0.434561533750575,0.251348628116699,0.427806087770072,0.246482126591835,0.342180849972946,0.256673774586791,0.34403695752195,0.255787195190217,0.337926569559294,0.266924940088768,0.327590123984204,0.269992313123421,0.317113272832778,0.286898781632138,0.301011874197036,0.298239005363267,0.451519734647252,0.253830982494572,0.452206687165388,0.236646239566424,0.354162821743653,0.299883229357325,0.333738684556463,0.323120725090118,0.379423035416953,0.259451500209757,0.366472773625467,0.276941496229614,0.543011342571782,0.243588746597437,0.487261200331171,0.255928711576652,0.387205688566596,0.262052643293332
21.4924496344217,0.474048227856092,0.286983864653956,0.465430478573488,0.296659989032453,0.433674125216235,0.251462098630803,0.42700917200787,0.2465022495877,0.341009675801917,0.256949521382544,0.342946465154966,0.256060094952291,0.3368011082865,0.267179111456901,0.326361526635063,0.270267253692432,0.315914295444665,0.287000674890995,0.300246708927818,0.298308678070825,0.450218487907116,0.253881523937813,0.450939659300421,0.236619384010069,0.352550295820529,0.299796035290361,0.332086870164926,0.323073004757571,0.377721149279887,0.259623322404184,0.364728136685337,0.277112492448984,0.54155291564281,0.243554041241063,0.486466620914133,0.256181514417295,0.386408056453839,0.262244070969316
21.6157863762513,0.47314483009214,0.287136745698242,0.464361731279791,0.296788684626071,0.432800613095724,0.251576647519568,0.426221402878792,0.246526082526092,0.339868897570132,0.257225562170109,0.341885534932349,0.256333285921033,0.335750814163718,0.267433527567539,0.325205107786604,0.270542473539413,0.314762752157863,0.287104300813335,0.29955246097664,0.298379381022421,0.448934638970652,0.253932579715576,0.449685924768128,0.236595168062775,0.350946628317904,0.299713009056372,0.330444577344564,0.323025293627919,0.376049416164343,0.259798186242362,0.363021704409067,0.277284773298635,0.540107467311866,0.243521485889007,0.485783064687244,0.256434568461803,0.385713374974698,0.262435638959865
21.7398308992851,0.472249722047955,0.287289709677485,0.463301760049512,0.29691743675539,0.431940849777567,0.251692286003369,0.42544265630549,0.246553589949438,0.338757925957669,0.257501897264234,0.34085368386832,0.256606768417227,0.33477420366581,0.267688188703899,0.324119521341526,0.270817972998214,0.313657851404127,0.287209669520624,0.298927841273554,0.298451131137268,0.44766802831535,0.253984150670674,0.448445298207493,0.236573598178016,0.349351829356268,0.299634144413965,0.328811884863448,0.322977591655327,0.374407603607457,0.259976106153918,0.361353055587667,0.2774583597223,0.538674812827849,0.243491099679698,0.485207184783075,0.256687873984823,0.385118622999316,0.262627347397432
21.8645872652021,0.471362583808341,0.287442756639876,0.462250350358377,0.297046245451072,0.431094654279949,0.251809030919606,0.424672768000284,0.246584733806513,0.337675943100688,0.257778526976005,0.339850181219302,0.256880542754137,0.333868700489263,0.267943095137965,0.323102635494105,0.271093752399058,0.312598375599595,0.28731677944001,0.298370599952721,0.298523939708654,0.446418361108219,0.254036237088383,0.447217485467388,0.236554676793858,0.347765906203412,0.299559401270547,0.327188833397209,0.32292989879867,0.372795326667506,0.260157080307029,0.35972157241971,0.277633264691068,0.537254713884096,0.243462919366457,0.484733194240094,0.256941431253067,0.384619079039735,0.262819196407264
21.9900595589893,0.470483092864708,0.287595886634106,0.461207285646184,0.297175110744655,0.430261844962882,0.251926899258926,0.423911572882372,0.246619476134169,0.336622126625576,0.258055451616758,0.338874291352767,0.257154609245211,0.333031706765689,0.268198247141855,0.32215230293359,0.271369812072562,0.311583098753979,0.28742562879346,0.297878468188338,0.298597817939783,0.445185339846459,0.254088839246034,0.446002190250222,0.236538406355332,0.346188866071077,0.299488739070094,0.325575462870038,0.322882215016941,0.371212197394163,0.260341106631818,0.358126633224625,0.277809501062791,0.53584693111738,0.243436982091093,0.484355257943394,0.257195240533397,0.384209988053063,0.263011186114604
22.1162518890763,0.469610925839218,0.287749099709055,0.46017234867039,0.297304032667991,0.429442239965291,0.25204590809278,0.423158905604615,0.246657779087666,0.335595652647697,0.258332671498125,0.337925276998192,0.257428968204186,0.332260617403987,0.268453644987969,0.32126637115589,0.271646152349793,0.310610792060411,0.287536215751301,0.297449170803682,0.298672777018212,0.443968666132338,0.254141957420342,0.444799115538766,0.236524789368532,0.344620716151784,0.299422117234861,0.323971812953946,0.322834540269187,0.369657826828676,0.260528183033914,0.356567615021848,0.277987081687715,0.534451224810053,0.243413325156692,0.484067524651162,0.257449302092932,0.383886583758034,0.263203316644783
22.2431683874689,0.468745759535076,0.287902395913601,0.459145322330545,0.297433011252893,0.428635657472372,0.252166074529641,0.422414600875576,0.246699604956938,0.334595697596883,0.25861018693207,0.337002401225908,0.257703619945151,0.331552828814931,0.268709288949085,0.320442688736931,0.271922773562304,0.309680227298169,0.287648538525771,0.29708043394293,0.29874882816139,0.442768041754553,0.254195591891916,0.443607964465765,0.236513828433746,0.343061463642259,0.299359495432019,0.322377923373616,0.322786874514472,0.368131826222338,0.260718307524751,0.355043895101494,0.278166019473215,0.53306735531842,0.243391985890768,0.483864146474459,0.257703616199116,0.383644102210184,0.263395588123287
22.3708132098852,0.467887270725416,0.288055775296661,0.458125989502576,0.297562046531205,0.427841915661618,0.252287415724661,0.421678493394558,0.246744916156661,0.333621437850644,0.258887998230883,0.336104927049557,0.257978564782535,0.330905737159625,0.268965179298344,0.319679104073035,0.272199676042124,0.308790176149079,0.287762595352004,0.296769983530711,0.298825982607971,0.441583168470803,0.254249742944347,0.442428440139031,0.236505526239157,0.341511115738512,0.29930083351377,0.320793833844962,0.322739217711884,0.366633806791481,0.260911478194598,0.353554850708611,0.278346327371446,0.531695082986474,0.243373001676998,0.483739274967097,0.257958183119708,0.38347777907661,0.263588000675736
22.4991905358911,0.467035136182113,0.288209237907184,0.457114133061455,0.297691138534798,0.427060832710185,0.252409948879219,0.420950417860446,0.246793675221425,0.332672049784466,0.259166105707181,0.335232117480563,0.258253803031107,0.330316738589441,0.269221316309247,0.31897346555359,0.272476860121763,0.3079394102911,0.287878384490457,0.296515545482986,0.298904251619461,0.440413748037526,0.254304410864337,0.441260245665345,0.23649988556208,0.339969679636512,0.299246091519667,0.31921958408353,0.322691569820538,0.365163379751069,0.26110769321556,0.352099859086522,0.278528018381688,0.530334168157709,0.24335640995502,0.483687061661079,0.258213003122775,0.383382850009243,0.263780554427893
22.6283045690377,0.46618903267671,0.288362783794151,0.456109535881912,0.297820287295562,0.426292226794922,0.252533691241618,0.420230208971797,0.24684584480034,0.331746709773493,0.259444509673907,0.334383235530021,0.25852933500598,0.329783229255417,0.269477700255659,0.318323621567612,0.272754326134213,0.30712670140159,0.287995904226823,0.296314845715132,0.298983646480657,0.439259482210786,0.254359595941695,0.440103084151128,0.236496909269302,0.338437162532017,0.299195229671742,0.317655213804621,0.322643930799567,0.363720156315671,0.26130695084106,0.350678297478125,0.278711105550978,0.528984371175342,0.243342248223954,0.483701658088192,0.258468076476704,0.383354550659578,0.263973249505662
22.7581595369982,0.465348636981392,0.288516413006575,0.455111980839126,0.297949492845414,0.425535916093252,0.252658660107901,0.419517701427793,0.246901387651684,0.330844594193466,0.25972321044433,0.33355754420961,0.258805161022609,0.329302605309126,0.26973433141181,0.317727420504699,0.273032074412945,0.306350821159018,0.288115152871917,0.296165610143599,0.299064178500083,0.438120072747352,0.254415298469372,0.438956658703486,0.236496600317481,0.336913571621179,0.299148208369656,0.316100762723999,0.322596300608131,0.362303747700572,0.261509249405398,0.349289543127061,0.278895601974742,0.5276454523831,0.243330554046059,0.483777215780506,0.258723403450195,0.383388116679802,0.264166086035085
22.8887596917072,0.464513625868104,0.288670125593502,0.454121250808105,0.29807875521629,0.424791718782379,0.252784872822606,0.41881272992738,0.246960266637659,0.329964879419886,0.26000220833205,0.332754306530779,0.259081281396793,0.328872262901913,0.269991210052294,0.317182710754198,0.273310105291913,0.30561054124141,0.288236128761461,0.296065564684407,0.299145859010376,0.436995221403717,0.254471518743431,0.437820672429262,0.236498961753418,0.335398914099993,0.299104988185547,0.314556270557245,0.322548679205413,0.360913765120773,0.261714587323004,0.347932973276668,0.279081520797337,0.526317172124511,0.243321365050608,0.483907886269951,0.258978984312261,0.38347878372181,0.264359064142348
23.0201093094992,0.463683676108481,0.28882392160401,0.453137128663639,0.298208074440151,0.424059453039227,0.252912346779574,0.418115129169198,0.24702244471919,0.329106741827954,0.260281503650991,0.331972785504685,0.259357696444672,0.328489598184851,0.270248336452071,0.316687340705164,0.273588419105556,0.304904633326251,0.288358830255925,0.29601243525305,0.299228699368695,0.435884629936034,0.254528257063054,0.43669482843496,0.23650399671441,0.333893197164262,0.299065529859087,0.313021777019716,0.322501066550619,0.359549819790914,0.261922963087836,0.346607965169916,0.279268875212648,0.524999290742853,0.243314718937766,0.484087821088315,0.259234819332234,0.383621787437144,0.264552183953778
23.152212691249,0.462858464474327,0.288977801087209,0.452159397280648,0.29833745054898,0.423338937040886,0.253041099422782,0.417424733852064,0.247087884950799,0.328269357793091,0.260561096715409,0.331212244142688,0.259634406482732,0.32815200730925,0.270505710886465,0.316239158746909,0.273867016188794,0.304231869091392,0.288483255740387,0.296003947765384,0.299312710957166,0.434788000100666,0.254585513730556,0.435578829827294,0.23651170842863,0.332396428009917,0.299029794292736,0.311497321826913,0.322453462602979,0.358211522925889,0.262134375272879,0.34531389605005,0.279457678464718,0.523691568581566,0.243310653482479,0.484311171767556,0.259490908779762,0.383812363477649,0.264745445595841
23.2850741625124,0.462037667737797,0.289131764092242,0.451187839534281,0.298466883574786,0.422629988964743,0.253171148247168,0.416741378675124,0.247156550475491,0.327451903690969,0.260840987839885,0.330471945456407,0.259911411827801,0.327856886426592,0.270763333631168,0.315836013268932,0.274145896877034,0.30359102021519,0.288609403624367,0.296037828137747,0.299397905183298,0.433705033654328,0.254643289051394,0.434472379713318,0.23652210021548,0.330908613833072,0.298997742546955,0.309982944694557,0.322405867321744,0.356898485740906,0.262348822529564,0.344050143160618,0.279647943848357,0.522393765984332,0.243309206538419,0.484572089839661,0.259747252924806,0.384045747495397,0.264938849195146
23.4186980736679,0.461220962670654,0.289285810668284,0.450222238299422,0.298596373549596,0.421932426987842,0.253302510799456,0.416064898337149,0.247228404519795,0.326653555896932,0.261121177339332,0.329751152457136,0.260188712797054,0.327601631688089,0.271021204962239,0.315475752660434,0.274425061506166,0.302980858375384,0.288737272341647,0.296111802285883,0.299484293480401,0.432635432353322,0.254701583334144,0.433375181199688,0.236535175485922,0.329429761829621,0.298969335835335,0.30847868533811,0.322358280666192,0.355610319450777,0.262566303587086,0.342816083744768,0.279839684709731,0.521105643294544,0.243310416042132,0.4848647268365,0.260003852037648,0.384317175142107,0.265132394878444
23.5530888000591,0.460408026044629,0.289439940864542,0.449262376450939,0.298725920505463,0.421246069287209,0.253435204679018,0.415395127536883,0.247303410388804,0.325873490786328,0.26140166552899,0.329049128156163,0.260466309708009,0.327383639244986,0.271279325156104,0.315156225310664,0.274704510412569,0.30240015524969,0.288866860350118,0.296223596125516,0.299571887308027,0.431578897953934,0.254760396890524,0.432286937393035,0.236550937742863,0.327959879195445,0.298944535519988,0.306984583473016,0.322310702595623,0.354346635270309,0.262786817251887,0.341611095045655,0.280032914446999,0.519826960855579,0.243314320017114,0.485183234290001,0.260260706388885,0.384621882069546,0.265326082772628
23.688250742138,0.459598534633421,0.289594154730257,0.448308036865084,0.298855524474464,0.420570734041641,0.253569247538802,0.414731900975003,0.247381531461236,0.325110884736335,0.261682452724429,0.328365135566568,0.260744202878529,0.32720030525014,0.271537694489556,0.314875279610617,0.274984243933107,0.301847682519201,0.288998166131716,0.296370935575651,0.299660698152472,0.430535132214605,0.254819730035442,0.431207351402098,0.236569390581651,0.326498973127638,0.298923303107319,0.305500678816128,0.322263133069359,0.353107044416511,0.26301036240739,0.340434554308684,0.280227646511042,0.518557479012374,0.24332095657779,0.485521763732911,0.260517816249433,0.384955103931554,0.265519913004731
23.8241883256091,0.458792165204189,0.289748452314699,0.447359002413457,0.298985185488696,0.419906239423972,0.253704657085925,0.414075053345716,0.247462731184784,0.324364914117811,0.261963539241551,0.327698437695295,0.261022392626824,0.32704902585067,0.271796313239756,0.314630763945025,0.275264262405132,0.301322211853501,0.289131188191845,0.296551546544083,0.299750737526932,0.429503836886481,0.254879583086756,0.430136126328513,0.236590537689882,0.325047050819178,0.298905600241718,0.304027011079537,0.322215572046747,0.351891158098822,0.263236938012053,0.33928583877147,0.280423894405654,0.517296958104588,0.243330363934532,0.485874466694835,0.260775181890525,0.385312076374576,0.265713885701931
23.9609060015742,0.457988594532861,0.289902833667174,0.446415055973918,0.299114903580282,0.419252403615063,0.253841451083093,0.413424419351923,0.247546973071091,0.323634755310185,0.262244925396585,0.32704829755759,0.26130087927145,0.326927197201538,0.272055181684238,0.314420526707196,0.275544566166485,0.300822514937732,0.289265925059985,0.296763154953776,0.29984201697248,0.428484713730545,0.254939956365733,0.429072965283484,0.236614382848846,0.323604119468602,0.298891388704225,0.302563619981757,0.322168019487156,0.35069858753694,0.263466543101318,0.338164325682203,0.280621671689004,0.516045158478997,0.243342580396625,0.486235494709752,0.261032803583714,0.385688035055171,0.265908000991548
24.0984082466782,0.457187499390378,0.290057298837019,0.445475980420754,0.299244678781365,0.418609044791197,0.253979647349019,0.412779833691574,0.247634220691262,0.322919584687964,0.262526611506094,0.326413978163941,0.261579663131308,0.326832215453175,0.272314300100901,0.314242416285478,0.275825155555497,0.300347363448115,0.289402375288837,0.297003486718984,0.299934548058038,0.427477464502152,0.255000850196634,0.428017571372746,0.236640929932941,0.322170186271259,0.298880630405207,0.301110545237625,0.322120475349981,0.349528943944669,0.263699176784773,0.337069392282988,0.280820991973541,0.514801840478309,0.243357644377819,0.486598999309078,0.261290681600871,0.386078215624047,0.266102259001042
24.2366995632559,0.45638855654877,0.290211847873604,0.444541558629027,0.299374511124115,0.41797598112964,0.254119263759557,0.41214113106369,0.247724437671137,0.322218578626693,0.262808597886969,0.325794742525847,0.261858744525647,0.326761476756933,0.272573668768016,0.314094281069219,0.276106030910988,0.299895529062811,0.289540537454477,0.297270267755855,0.300028342381042,0.426481790957889,0.255062264906904,0.426969647703231,0.236670182910508,0.320745258423196,0.298873287381233,0.299667826562785,0.322072939594637,0.348381838537083,0.263934838246606,0.33600041581723,0.281021868926982,0.513566764446107,0.243375594400257,0.486959132024706,0.261548816214186,0.386477853733109,0.266296659858018
24.3757844794791,0.455591442779476,0.290366480826331,0.443611573473413,0.299504400640722,0.417353030807178,0.254260318248584,0.411508146166741,0.247817587686772,0.321530913501515,0.263090884856433,0.325189853654382,0.262138123774062,0.326712377263933,0.272833287964226,0.313973969447544,0.276387192572269,0.299465783459087,0.289680410156128,0.29756122397969,0.300123411567864,0.425497394853738,0.255124200827126,0.425928897381272,0.236702145844131,0.319329343120133,0.29886932179041,0.298235503672485,0.322025412180564,0.347256882528714,0.26417352674479,0.334956773527824,0.281224316272891,0.512339690725564,0.243396469099155,0.48731004438858,0.26180720769617,0.386882185033967,0.266491203690223
24.5156675495049,0.454795834854458,0.290521197744635,0.442685807828917,0.2996343473634,0.416740012001006,0.254402828808953,0.410880713699675,0.247913634459827,0.320855765687873,0.263373472732043,0.324598574560954,0.262417801196496,0.326682313125414,0.273093157968543,0.313879329809673,0.276668640879143,0.299056898314924,0.289821992016029,0.297874081306452,0.300219767274289,0.42452397794618,0.255186658291052,0.424895023513704,0.236736822891075,0.317922447558051,0.298868695908274,0.296813616282297,0.321977893067225,0.346153687134511,0.264415241610678,0.333937842658037,0.281428347791396,0.511120379660193,0.243420307227212,0.487645887932502,0.262065856319654,0.38728644517837,0.266685890625549
24.6563533536251,0.454001409545483,0.290675998677982,0.441764044570435,0.299764351324386,0.416136742888187,0.254546813493456,0.410258668361275,0.248012541753189,0.320192311561164,0.263656361831685,0.324020168256895,0.262697777113242,0.326668680492667,0.273353279060353,0.313808210544904,0.276950376171906,0.298667645308127,0.289965281679279,0.298206565651957,0.300317421185987,0.423561241991548,0.25524963763559,0.423867729207206,0.236774218303701,0.316524578932864,0.298871372123459,0.295402204107702,0.321930382214108,0.345071863569339,0.264659982248377,0.332943000451087,0.281633977319841,0.509908591593407,0.243447147659382,0.487960814188429,0.262324762357789,0.387685869818146,0.266880720792028
24.797846498416,0.45320784362496,0.290830883675874,0.440846066573293,0.299894412555941,0.415543041646327,0.254692290415794,0.409641844850934,0.248114273366492,0.319539727497285,0.263939552473579,0.323453897754046,0.262978051844937,0.326668875517384,0.273613651519411,0.313758460042943,0.277232398791347,0.298296796117475,0.290110277813696,0.298556402932955,0.300416385018996,0.422608888746828,0.255313139200823,0.4228467175691,0.236814336429898,0.315135744440835,0.298877312933655,0.294001306864595,0.321882879580721,0.344011023048674,0.264907748134311,0.331971624150789,0.281841218753506,0.508704086869084,0.243477029397454,0.488248974688507,0.262583926084048,0.388075694605658,0.267075694317839
24.9401516168892,0.452414813857617,0.290985852787842,0.439931656708166,0.300024531090349,0.414958726458366,0.254839277751803,0.409030077868855,0.248218793132106,0.318897189854016,0.264223044976278,0.322899026057326,0.263258625712571,0.326680294286539,0.273874275625849,0.313727926658905,0.27751470907875,0.297943122391592,0.29025697910987,0.298921319017159,0.300516670520462,0.421666619958886,0.255377163330074,0.421831691694728,0.236857181714491,0.313755951279001,0.298886480941728,0.292610964270278,0.321835385126597,0.342970776786118,0.265158538816418,0.3310230909942,0.28205008604638,0.507506625827449,0.243509991576804,0.488504520763153,0.262843347772225,0.388451155036342,0.267270811331302
25.0832733686432,0.451622032800914,0.291140906062175,0.439020618884432,0.300154706962304,0.414383578843817,0.254987792121012,0.408423190255323,0.248326063591307,0.318263970572883,0.264506839654926,0.322354848709836,0.263539499035067,0.326700692113036,0.274135151656128,0.313714647796826,0.277797307372886,0.297605553445125,0.290405382716079,0.299299304296273,0.300618287757024,0.420734186399679,0.255441709760949,0.420822414372757,0.236902752627847,0.312385197868188,0.29889883537554,0.291231202940874,0.321787898814417,0.341950738629272,0.265412353761203,0.330096808363345,0.282260592216747,0.506315983673238,0.243546063642821,0.488722738058186,0.263103027693575,0.388808363903753,0.267466071958035
25.2272164400162,0.450829335714208,0.291296043542814,0.438112829134379,0.300284940214723,0.413817254629107,0.255137844648761,0.407820964189018,0.2484360427824,0.317639669274204,0.264790936812142,0.321820772799695,0.2638206721234,0.3267290558114,0.274396279873186,0.313717308958613,0.278080194002691,0.297283559100406,0.290555480432547,0.299689256002089,0.300721240954155,0.419811506906199,0.255506776145591,0.419818853029983,0.236951026915655,0.311023452540501,0.298914323642077,0.289862004576523,0.321740420617593,0.3409505314521,0.265669191981079,0.329192286980143,0.282472746926084,0.505131986567403,0.24358524148347,0.488902800896493,0.263362966109847,0.389146441565735,0.267661476314018
25.3719855442395,0.450036584228392,0.291451265272777,0.437208178991085,0.300415230892329,0.41325938262427,0.255289445313647,0.407223173108132,0.248548687779862,0.317023956005937,0.265075336748043,0.321296229388634,0.264102145287068,0.326764636884261,0.274657660537285,0.313734734942069,0.278363369295322,0.296976725350317,0.290707262912838,0.300090266273531,0.300825533096809,0.418898536436827,0.255572359687616,0.418821019075354,0.237001977922107,0.309670677160357,0.298932890675341,0.288503341222724,0.321692950511854,0.339969780067405,0.265929052442961,0.328309059776298,0.282686559148851,0.503954471622177,0.243627513859362,0.489044719401412,0.26362316328095,0.389465154800596,0.267857024513239
25.5175854215919,0.449243639964052,0.291606571295102,0.436306559981606,0.300545579039887,0.412709591650096,0.255442604140279,0.406629590454405,0.248663955661114,0.31641650078849,0.265360039763,0.320780649529117,0.264383918835865,0.326806686730227,0.274919293908982,0.313765750490448,0.27864683357837,0.296684638142248,0.29086072081555,0.300501427173016,0.300931167190584,0.417995229935869,0.255638457590701,0.417828923900628,0.237055579060199,0.308326833594829,0.298954481492866,0.287155184928893,0.321645488472942,0.339008109287456,0.266191934180224,0.327446659675035,0.282902037905364,0.502783275945603,0.243672869643404,0.489148503367174,0.263883619467058,0.389764270132274,0.268052716669786
25.6640208395545,0.448450364542519,0.291761961652846,0.435407863633485,0.300675984702205,0.412167510528013,0.255597331199329,0.406039989670288,0.248781803501294,0.315816973642769,0.265645046157635,0.320273464274143,0.264665993079881,0.326854456748141,0.27518118024913,0.313809180347279,0.278930587179863,0.296406883424645,0.291015844803247,0.300921830763926,0.301038146261323,0.417101542348361,0.255705067058366,0.416842578898288,0.237111803806884,0.306991883711389,0.298979041189159,0.285817507744928,0.321598034476612,0.338065143925188,0.266457836292111,0.326604619600204,0.283119192261941,0.501618236646237,0.243721297816313,0.489214162587688,0.264144334928611,0.390043554084883,0.268248552897849
25.8112965929673,0.447656619583941,0.291917436389082,0.43451198147347,0.300806447924139,0.411632768078438,0.255753636608032,0.405454144197105,0.248902188368703,0.315225044588759,0.265930356232818,0.319774104675777,0.264948368329508,0.326907198336156,0.275443319818877,0.313863849255368,0.279214630428263,0.296143047144125,0.291172625541787,0.301350569107896,0.301146473355179,0.416217428618125,0.255772185293858,0.415861995459617,0.237170625699945,0.305665789376848,0.29900651492982,0.284490281719939,0.321550588498633,0.337140508792389,0.266726757942863,0.32578247247453,0.283338031331249,0.500459190831778,0.243772787465369,0.489241706856695,0.264405309926313,0.390302773181665,0.268444533311719
25.959417504186,0.446862266710391,0.292072995546906,0.43361880502963,0.300936968750588,0.411104993123474,0.255911530530783,0.404871827478042,0.249025067320047,0.314640383648076,0.266215970289674,0.319282001787707,0.265231044895429,0.326964162893753,0.27570571287967,0.313928581958943,0.279498963652466,0.295892715250421,0.291331053699831,0.30178673426956,0.3012561515388,0.415342843691017,0.255839809500179,0.414887184977895,0.237232018335128,0.304348512459137,0.299036847946691,0.283173478904357,0.321503150514789,0.336233828702839,0.266998698361563,0.324979751222728,0.283558564272868,0.499305975611378,0.243827327782554,0.48923114596846,0.264666544721134,0.39054169394756,0.26864065802579
26.1083884232399,0.446067167541828,0.292228639169429,0.432728225828584,0.301067547226497,0.410583814483366,0.256071023179589,0.404292812954235,0.249150397396094,0.314062660840536,0.266501888629575,0.318796586661833,0.26551402308863,0.327024601818945,0.275968359693249,0.314002203200657,0.279783587181807,0.295655473689844,0.291491119948075,0.302229418310261,0.301367183899324,0.414477742510657,0.255907936879916,0.413918158844213,0.237295955362956,0.303040014824958,0.299069985531768,0.281867071347165,0.321455720500876,0.335344728468127,0.267273656840933,0.324195988767323,0.283780800293537,0.49815842809259,0.243884908063541,0.489182489716656,0.264928039574309,0.390760082905631,0.268836927154557
26.2582142279907,0.44527118369942,0.292384367299783,0.431840135397762,0.301198183396854,0.410068860979402,0.256232124814682,0.403716874067982,0.249278135617056,0.313491546186912,0.266788111554147,0.318317290351021,0.265797303220393,0.327087766510472,0.276231260521653,0.314083537723932,0.280068501346058,0.29543090841057,0.291652814958777,0.302677713293121,0.301479573544567,0.413622080021909,0.255976564635268,0.412954928450878,0.237362410485936,0.301740258341684,0.29910587303259,0.280571031098145,0.321408298432704,0.334472832901018,0.267551632737219,0.323430718031994,0.284004748647731,0.497016385383849,0.243945517705833,0.489095747895177,0.26518979474734,0.390957706579867,0.269033340812615
26.4088998242922,0.444474176803961,0.292540179981117,0.430954425264354,0.301328877306695,0.409559761432561,0.256394845745039,0.403143784261227,0.249408238978326,0.312926709707725,0.267074639365268,0.31784354390787,0.266080885602299,0.327152908366914,0.276494415627221,0.314171410272027,0.280353706475426,0.295218605360253,0.291816129405104,0.303130711280772,0.3015933236031,0.412775811169272,0.256045689967951,0.411997505189844,0.237431357455589,0.3004492048765,0.29914445584685,0.279285330206849,0.321360884286098,0.333617766813958,0.267832625469376,0.322683471940124,0.28423041863804,0.495879684593337,0.244009146207519,0.488970930297912,0.265451810501993,0.391134331494053,0.269229899114663
26.5604501461511,0.443676008476229,0.2926960772566,0.430070986955538,0.301459629001097,0.409056144663806,0.256559196328947,0.402573316975901,0.249540664446145,0.312367821423481,0.267361472365066,0.317374778384967,0.266364770546225,0.327219278786842,0.276757825272586,0.314264645588195,0.28063920290056,0.295018150486518,0.29198105396055,0.30358750433582,0.301708437224356,0.41193889089723,0.256115310079144,0.411045900453043,0.237502770069572,0.29916681629658,0.299185679417433,0.278009940722817,0.321313478036895,0.332779155019378,0.268116634518519,0.321953783415073,0.284457819615617,0.494748162829224,0.244075783165777,0.488808046718755,0.265714087100303,0.391289724171965,0.269426602175502
26.7128701558882,0.442876540337471,0.292852059169418,0.429189711998815,0.301590438525186,0.408557639494512,0.256725186974564,0.402005245654388,0.24967536895337,0.31181455135508,0.267648610855921,0.316910424835293,0.266648958364351,0.327286129169143,0.27702148972068,0.314362068416023,0.280924990952546,0.294829129737743,0.292147579298359,0.304047184521589,0.301824917578754,0.411111274150757,0.256185422169448,0.410100125632893,0.237576622168857,0.297893054469369,0.299229489227593,0.276744834695908,0.321266079660947,0.331956622330184,0.268403659427403,0.321241185380682,0.284686960980645,0.493621657200029,0.24414541827539,0.488607106951722,0.265976624804571,0.391423651137784,0.269623450110034
26.8661648443013,0.442075634007927,0.293008125762778,0.428310491920973,0.30172130592413,0.408063874745145,0.256892828140445,0.40143934373808,0.249812309395379,0.311266569522482,0.267936055140465,0.316449914310908,0.266933449369153,0.327352710911876,0.277285409234736,0.3144625034982,0.281211070962909,0.294651129060569,0.292315696090877,0.304508843899723,0.301942767857761,0.410292915873722,0.256256023438781,0.40916019212073,0.237652887634824,0.296627881261689,0.299275830795859,0.275489984175257,0.321218689134119,0.331149793558155,0.268693699799601,0.320545210759637,0.28491785218271,0.492500004813477,0.244218041327473,0.488368120790404,0.266239423877364,0.391535878914621,0.269820443033263
27.0203392308284,0.441273151109499,0.293164277079904,0.427433218249994,0.301852231243144,0.407574479237698,0.257062130336206,0.400875384670022,0.249951442625961,0.310723545947305,0.268223805521581,0.315992677865473,0.267218243873407,0.327418275414639,0.277549584078283,0.314564775579101,0.281497443263618,0.294483734404646,0.2924853950091,0.304971574534806,0.302061991274096,0.40948377101188,0.256327111086409,0.408226111309727,0.237731540386671,0.295371258541437,0.299324649671875,0.274245361211242,0.32117130643229,0.330358293517055,0.268986755299367,0.319865392476682,0.285150502721404,0.491383042778655,0.244293642207838,0.48809109802927,0.266502484581518,0.391626174027585,0.270017581060296
27.1753983637121,0.440468953262099,0.293320513164039,0.426557782512433,0.301983214527489,0.407089081792336,0.257233104122952,0.400313141891282,0.250092725453368,0.310185150649175,0.268511862302406,0.315538146550727,0.267503342190189,0.327482074075166,0.277814014515151,0.314667709401058,0.281784108187078,0.294326531716004,0.292656666721898,0.305434468487876,0.302182591061701,0.408683794508716,0.256398682310766,0.407297894590849,0.237812554378381,0.294123148175219,0.299375891431025,0.273010937852744,0.321123931531352,0.329581747018255,0.26928282565042,0.319201263454076,0.285384922146561,0.490270608203013,0.244372210895885,0.487776048461719,0.266765807180134,0.391694302999361,0.270214864306342
27.3313473201648,0.439662902086936,0.293476834058445,0.425684076235772,0.302114255822467,0.40660731123041,0.257405760113988,0.399752388844211,0.250236114636374,0.309651053649001,0.268800225786328,0.315085751419652,0.267788744632874,0.32754335829239,0.27807870080947,0.314770129707715,0.28207106606614,0.29417910694303,0.292829501895615,0.30589661782228,0.302304570475974,0.407892941309197,0.256470734309507,0.406375553356502,0.237895903596259,0.292883512030481,0.299429501670622,0.271786686149623,0.321076564407211,0.328819778874678,0.269581910635936,0.318552356615691,0.285621120058912,0.489162538195066,0.244453737462953,0.487422981881829,0.267029391936584,0.391740032354199,0.270412292886713
27.4881912065351,0.438854859205038,0.293633239806402,0.424811990947356,0.302245355173431,0.406128796373098,0.257580108975338,0.39919289897098,0.250381566880445,0.309120924967488,0.269088896276988,0.314634923525034,0.268074451515138,0.327601379465033,0.278343643225669,0.314870861242481,0.282358317234096,0.294041046033726,0.293003891193414,0.306357114600984,0.302427932793828,0.407111166358059,0.256543264279401,0.405459098998868,0.23798156205612,0.291652311974533,0.29948542600519,0.27057257815158,0.321029205035787,0.328072013898994,0.269884010097702,0.317918204885124,0.285859106110455,0.488058669863162,0.244538212071056,0.487031908083539,0.267293239114506,0.391763128616063,0.270609866916822
27.645935158475,0.438044686237037,0.29378973045121,0.423941418174254,0.302376512625775,0.405653166041224,0.257756161426332,0.39863444571337,0.250529038833998,0.308594434624966,0.269377874078278,0.314185093919297,0.268360463150956,0.32765538899148,0.278608842028479,0.3149687287484,0.282645862024679,0.293911934935421,0.293179825274696,0.306815050886296,0.302552681313789,0.406338424599604,0.256616269416271,0.404548542909708,0.23806950380063,0.290429509874444,0.299543610062122,0.269368585908035,0.320981853393014,0.327338076903427,0.270189123935516,0.317298341185516,0.286098890004912,0.486958840315338,0.244625624971541,0.486602836860605,0.267557348977808,0.391763358308486,0.270807586512187
27.8045843411078,0.437232244803983,0.293946306036186,0.423072249443834,0.302507728224939,0.405180049055994,0.25793392824023,0.398076802513574,0.250678487084715,0.308071252642195,0.269667159494343,0.313735693655276,0.268646779854604,0.327704638270531,0.278874297482929,0.31506255696898,0.282933700772069,0.293791359596205,0.293357294794581,0.307269518741278,0.302678819356148,0.405574670978611,0.256689746914962,0.403643896481245,0.238159702896742,0.289215067597553,0.299603999477654,0.268174681468722,0.320934509454839,0.326617592700707,0.270497252106749,0.316692298440544,0.286340481498248,0.485862886659978,0.244715966503671,0.486135778007058,0.267821721790664,0.391740487955545,0.271005451788427
27.9641439491976,0.436417396526608,0.294102966604668,0.422204376283241,0.302639002016411,0.404709074238332,0.258113420244793,0.397519742813484,0.250829868155934,0.307551049039627,0.269956752829582,0.313286153785494,0.26893340194066,0.327748378700677,0.279140009854352,0.315151170647352,0.283221833810887,0.293678905963611,0.2935362904033,0.307719610228414,0.302806350263039,0.404819860439515,0.256763693969264,0.402745171105366,0.238252133433042,0.288008947011009,0.299666539892602,0.26699083688315,0.320887173197222,0.325910186103209,0.270808394625649,0.316099609573497,0.286583890399097,0.484770646005211,0.244809227093324,0.485630741316661,0.26808635781752,0.391694284080891,0.271203462861264
28.124619207319,0.43560000302598,0.29425971220001,0.421337690219808,0.302770334045721,0.404239870409347,0.258294648322905,0.396963040055154,0.250983138503185,0.307033493837967,0.270246654388645,0.312835905362988,0.269220329724001,0.327785861680993,0.279405979408382,0.315233394527782,0.283510261476203,0.293574159985813,0.293716802745683,0.308164417411319,0.302935277398583,0.404073947926996,0.256838107771875,0.40185237817424,0.238346769517238,0.286811109982054,0.299731176948502,0.265817024200979,0.320839844596139,0.325215481923557,0.271122551562874,0.315519807508107,0.286829126569278,0.483681955459428,0.24490539725166,0.48508773658467,0.268351257323089,0.391624513209274,0.271401619846525
28.2860153700288,0.434779925922708,0.294416542865588,0.420472082780683,0.302901724358447,0.403772066390067,0.258477623413161,0.396406467680657,0.251138254510497,0.306518257057655,0.270536864476437,0.31238437943978,0.269507563519807,0.327816338609304,0.279672206410955,0.315308053351782,0.283798984103528,0.293476707609975,0.293898822460505,0.308603032351199,0.303065604148955,0.40333688838556,0.256912985514324,0.400965529079741,0.238443585273561,0.285621518377951,0.299797856283542,0.264653215471779,0.320792523627576,0.324533104974188,0.271439723044795,0.314952425167397,0.287076199924223,0.482596652130653,0.245004467573653,0.484506773602369,0.268616420572355,0.391530941862866,0.271599922860136
28.4483377220371,0.433957026843563,0.29457345864479,0.419607445492778,0.303033173000208,0.403305290996783,0.258662356510396,0.395849799124259,0.251295172491915,0.306005008717667,0.270827383398116,0.311931007088636,0.269795103643559,0.327839060909634,0.279938691128307,0.315373971928924,0.284088002028824,0.293386134796861,0.29408234018133,0.309034547162927,0.303197333922928,0.402608636755746,0.256988324386977,0.400084635213612,0.238542554840681,0.284440134060016,0.299866523529666,0.26349938274168,0.320745210267538,0.323862680062471,0.271759909253759,0.314396995483215,0.287325120433824,0.481514573130899,0.245106428740324,0.483887862267644,0.268881847830571,0.391413336624929,0.27179837201813
28.6115915783813,0.433131167719319,0.294730459580875,0.418743669854398,0.303164680016564,0.402839172774439,0.258848858660134,0.395292807385158,0.251453848932482,0.305493418735963,0.271118211459178,0.311475220457083,0.270082950411046,0.327853281368924,0.280205433826936,0.315429978643775,0.284377315588475,0.293302028184246,0.294267346603661,0.309458056758706,0.303330470171537,0.401889147742209,0.257064121580649,0.399209707935493,0.238643652387021,0.283266918559924,0.299937124345682,0.262355497857763,0.320697904492141,0.323203831699672,0.272083110462641,0.313853051824379,0.287575898138568,0.480435555764583,0.24521127169737,0.483231018103266,0.269147539363251,0.391271467280226,0.27199696743665
28.7757822845996,0.432302209405383,0.294887545717652,0.417880647463863,0.3032962454535,0.402373341225135,0.259037140987582,0.394735266997899,0.251614239356708,0.304983157386023,0.271409348965072,0.311016447894885,0.270371104138334,0.32785824795868,0.280472434773793,0.315474889251516,0.284666925119387,0.293223972015952,0.294453832171485,0.309872646167134,0.303465016297751,0.4011783768812,0.257140374278739,0.398340758716833,0.23874685202594,0.282101834572863,0.300009604242895,0.261221533369181,0.320650606277163,0.322556185441411,0.27240932687153,0.313320126014542,0.287828543077546,0.479359436655334,0.245318986822972,0.482536236762364,0.269413495436211,0.391105092303211,0.272195709231914
28.9409152169059,0.431470016435703,0.29504471709713,0.417018269577854,0.30342786935574,0.401907422577988,0.2592272146005,0.394176947246675,0.251776302214561,0.304473893725758,0.271700796222539,0.310554130740829,0.270659565141884,0.32785322511963,0.280739694235617,0.315507562700765,0.28495683095867,0.293151558724096,0.294641788155378,0.310277434220165,0.303600975968341,0.400476276865469,0.257217079684137,0.397477798647302,0.238852128097284,0.280944840815025,0.30008390917038,0.260097459424319,0.320603315599608,0.321919363271991,0.272738559168753,0.312797755162316,0.288083065538945,0.478286054755537,0.245429566789736,0.481803581853388,0.269679716315428,0.390914008850473,0.272394597520335
29.1069957823666,0.430634490461486,0.295201973742993,0.416156424005985,0.303559551754884,0.401441010037416,0.259419089900875,0.393617564438955,0.25194002628016,0.303965284547894,0.271992553549101,0.310087841395176,0.270948333739418,0.327837643469628,0.281007212474235,0.315527293768799,0.285247033441424,0.293084463362199,0.294831214251715,0.310671880831218,0.303738355309355,0.399782771696499,0.257294235208904,0.396620834964501,0.238959457164643,0.279795855853948,0.300159989655743,0.258983221947503,0.320556032448753,0.321292951140696,0.273070812493214,0.31228552970247,0.288339477823129,0.477215272515211,0.245543026726405,0.481033802664681,0.269946202266017,0.390698404387482,0.272593632419319
29.2740294190766,0.42979556135807,0.295359315664939,0.415294995936303,0.303691292672526,0.400973671694803,0.259612776765969,0.393056794597267,0.252105423459355,0.303456977318004,0.272284621270598,0.309617251919201,0.271237410249693,0.327811059990121,0.28127498974779,0.315533708644296,0.285537532901317,0.293022423809695,0.295022116587778,0.311055705277301,0.303877162327845,0.399097763557869,0.257371838424058,0.39576987197631,0.239068817486165,0.278654767727108,0.300237799705474,0.257878748442292,0.320508756823199,0.320676507594551,0.273406095406296,0.311783080619338,0.288597793782955,0.476146970251997,0.245659398906528,0.480228169887567,0.270212953552499,0.390458763176959,0.272792814047058
29.4420215963382,0.428953159840921,0.295516742872204,0.414433870479022,0.303823092129972,0.4005049748945,0.25980828511158,0.392494312545687,0.252272506403063,0.302948619224261,0.272576999713445,0.30914203733986,0.271526794991799,0.327773035422685,0.281543026314573,0.315526443377465,0.285828329672392,0.292965179815775,0.295214501512863,0.311428634553329,0.304017405117293,0.398421153984183,0.257449886904331,0.394924913903675,0.239180187377676,0.277521463563638,0.300317293411596,0.256783965864255,0.320461488721829,0.320069590365374,0.273744416661379,0.311290040103994,0.288858027385795,0.475081028815372,0.245778716266978,0.479387969728188,0.270479970439634,0.390195578313189,0.272992142521872
29.6109778148397,0.428107216651067,0.295674255373951,0.413572932741802,0.303954950148515,0.400034486957672,0.260005624909342,0.391929793071191,0.252441287842195,0.302439857446185,0.2728696892044,0.30866187277515,0.271816488285135,0.327723130624482,0.281811322433143,0.315505134321714,0.286119424089124,0.292912471186859,0.295408375413849,0.311790395891293,0.304159091804578,0.397752844489876,0.257528378223498,0.39408596496465,0.239293545162126,0.276395830464646,0.300398424848148,0.255698801151991,0.32041422814353,0.319471757159768,0.274085785107998,0.310806040384497,0.289120192671489,0.474017329071012,0.245901011921507,0.478514488869817,0.270747253192442,0.389909343161987,0.273191617962189
29.7809036068361,0.427257662526985,0.295831853179294,0.412712067833011,0.304086866749458,0.399561775208838,0.26020480618789,0.391362910965869,0.252611780564573,0.301930339164835,0.273162690070562,0.308176433332385,0.272106490449414,0.327660906438874,0.282079878362323,0.31546941779367,0.28641081648642,0.292864037723252,0.295603744708872,0.312140716494979,0.304302230548417,0.397092736592455,0.257607309954187,0.393253029378234,0.23940886916594,0.275277755534999,0.300481148065147,0.254623181246563,0.32036697508719,0.318882565688006,0.27443020968888,0.310330713684942,0.289384303751603,0.472955751883039,0.246026319146867,0.477609013937345,0.27101480207621,0.389600551056337,0.273391240486549
29.9518045363292,0.426404428206685,0.295989536297292,0.411851160860235,0.304218841954104,0.399086406971052,0.260405839033299,0.390793341019924,0.252783997418857,0.301419711560187,0.273456002639368,0.307685394120106,0.27239680180466,0.327585923711206,0.282348694361207,0.315418930116255,0.286702507199621,0.292819619224895,0.295800615848379,0.312479323572055,0.304446829539913,0.396440731807851,0.257686679667815,0.39242611136227,0.239526137717264,0.274167125878308,0.300565417086245,0.253557033087923,0.320319729551699,0.318301573658696,0.274777699440511,0.309863692229212,0.289650374810329,0.471896178115159,0.246154671389071,0.476672831566491,0.271282617356485,0.389269695334643,0.273591010213599
30.123686199251,0.425547444428758,0.296147304736946,0.410990096931434,0.304350875783759,0.398607949567823,0.260608733589706,0.39022075802405,0.252957951314753,0.300907621812657,0.273749627238595,0.307188430247415,0.272687422671207,0.327497743287295,0.282617770689157,0.31535330761309,0.286994496564503,0.292778955492683,0.295998995315304,0.3128059443313,0.304592897002906,0.39579673165255,0.257766484934578,0.391605215135165,0.239645329144122,0.273063828598469,0.300651185906528,0.25250028361638,0.320272491535945,0.317728338780979,0.275128263493677,0.30940460824178,0.289918420105305,0.470838488631507,0.246286102266689,0.475707228393609,0.271550699299083,0.388917269336041,0.273790927262094
30.296554223646,0.424686641933418,0.296305158507207,0.410128761155674,0.304482968259734,0.398125970324079,0.260813500059903,0.389644836770511,0.253133655223698,0.300393717104036,0.27404356419636,0.306685216824783,0.272978353369702,0.327395926014117,0.282887107605805,0.315272186609045,0.287286784917276,0.292741786330085,0.296198889625363,0.313120305983979,0.304740441194337,0.395160637644736,0.257846723323436,0.390790344916992,0.239766421772602,0.271967750800306,0.300738408490342,0.251452859773332,0.320225261038816,0.317162418765649,0.275481911074001,0.308953093948789,0.290188453968444,0.469782564297432,0.246420645574588,0.474713491055572,0.27181904817008,0.388543766401171,0.273990991750901
30.470414269856,0.423821951457565,0.296463097616969,0.409267038639757,0.304615119403342,0.397640036561848,0.261020148705797,0.389065252048366,0.253311122179873,0.299877644613305,0.274337813841118,0.306175428959875,0.273269594221105,0.327280032736296,0.28315670537105,0.315175203426463,0.287579372594585,0.292707851535269,0.296400305327113,0.313422135736249,0.304889470404474,0.394532351299112,0.257927392401938,0.389981504924411,0.239889393924766,0.270878779586736,0.300827038768081,0.250414688497937,0.320178038059201,0.316603371320101,0.275838651501571,0.30850878157296,0.290460490806509,0.468728285975797,0.246558335288448,0.473692906188227,0.272087664235819,0.388149679867629,0.274191203798993
30.6452720307053,0.422953303740459,0.296621122075071,0.408404814492102,0.304747329235898,0.397149715605226,0.261228689849126,0.388481678648957,0.253490365280712,0.299359051521462,0.274632376501667,0.305658741762369,0.273561145546687,0.327149624300156,0.283426564245063,0.315061994389516,0.287872259933511,0.292676890910208,0.296603249002436,0.313711160797936,0.305039992957411,0.393911774132871,0.258008489736331,0.389178699376522,0.240014223917119,0.269796802062044,0.300917030635032,0.24938569673096,0.320130822595989,0.316050754154173,0.276198494192192,0.308071303339476,0.290734545102167,0.467675534531242,0.246699205568098,0.472646760428179,0.272356547762908,0.387735503075216,0.274391563525456
30.821133231687,0.422080629520626,0.296779231890297,0.407541973820628,0.304879597778722,0.396654574777672,0.261439133871968,0.387893791362918,0.253671397687832,0.298837585008895,0.274927252507146,0.305134830341329,0.273853007668033,0.327004261551517,0.283696684488283,0.314932195821835,0.288165447271572,0.292648644255709,0.296807727266673,0.313987108377745,0.305192017211336,0.39329880766244,0.25809001289143,0.388381932491673,0.240140890058644,0.268721705330095,0.301008337948641,0.248365811412671,0.32008361464807,0.315504124976959,0.2765614486573,0.307640291472778,0.291010631414664,0.466624190827864,0.246843290761915,0.471576340411824,0.272625699018219,0.387301729363079,0.274592071049484
30.9980036311506,0.421203859536831,0.296937427071378,0.406678401733379,0.305011925053136,0.396154181402805,0.261651491217341,0.38730126498109,0.253854232627737,0.29831289225602,0.275222442187033,0.304603369805886,0.27414518090704,0.326843505336095,0.28396706636142,0.314785444046912,0.288458934946725,0.292622851372743,0.297013746768909,0.314249705684505,0.305345551558905,0.392693353404405,0.258171959430597,0.387591208488379,0.24026937064905,0.267653376494819,0.301100914526588,0.247354959483429,0.320036414214332,0.314963041497613,0.276927524504477,0.307215378197313,0.291288764380662,0.46557413572986,0.246990625410768,0.470482932775329,0.27289511826889,0.386848852070214,0.274792726490378
31.1758890204904,0.420322924527923,0.297095707626987,0.40581398333854,0.305144311080466,0.39564810280442,0.261865772389841,0.386703774294448,0.254038883392758,0.297784620443696,0.275517945871151,0.304064035265535,0.274437665585919,0.326666916500253,0.284237710125456,0.314621375388996,0.288752723297363,0.292599252062898,0.297221314192279,0.31449867992771,0.305500604427633,0.392095312875642,0.258254326915712,0.386806531585416,0.240399643977083,0.266591702660357,0.301194714144838,0.246353067883811,0.319989221293665,0.31442706142578,0.277296731437908,0.306796195738132,0.291568958715108,0.464525250101658,0.247141244252316,0.469367824155534,0.273164805782326,0.386377364536491,0.274993529967554
31.3547952243356,0.419437755232208,0.297254073565743,0.404948603743835,0.30527675588204,0.395135906305728,0.262081987956157,0.386100994093387,0.254225363341703,0.297252416751919,0.27581376388966,0.30351650182899,0.274730462027195,0.326474055889328,0.28450861604164,0.314439626171164,0.289046812662318,0.292577586126357,0.297430436254133,0.314733758315425,0.305657184280181,0.391504587592233,0.258337112907083,0.386027906000809,0.240531688318636,0.265536570930355,0.301289690535458,0.245360063553849,0.319942035884958,0.313895742470102,0.277669079258565,0.306382376319157,0.291851229211964,0.463477414807094,0.247295182225107,0.468232301188407,0.273434761826196,0.385887760100407,0.275194481600533
31.5347281007402,0.418548282388726,0.297412524896212,0.404082148057553,0.305409259479191,0.39461715923066,0.262300148545769,0.38549259916905,0.254413685900781,0.296715928361601,0.276109896573067,0.302960444605823,0.275023570553705,0.326264484349648,0.284779784371496,0.314239832717607,0.289341203380861,0.29255759336487,0.297641119706418,0.314954668057278,0.305815299614808,0.390921079071194,0.258420314963465,0.385255335953474,0.240665481935208,0.264487868409014,0.301385797385106,0.244375873434198,0.319894857987102,0.313368642340298,0.278044577864922,0.305973552165483,0.292135590745176,0.462430510710691,0.247452474472865,0.467077650510657,0.273704986668437,0.385380532101776,0.275395581508949
31.7156935413755,0.417654436735839,0.297571061626901,0.403214501387478,0.305541821893252,0.394091428902501,0.262520264851479,0.384878264311897,0.254603864564379,0.296174802452881,0.276406344252219,0.302395538704873,0.275316991488602,0.326037762726744,0.285051215376817,0.314021631351632,0.289635895792703,0.292539013578847,0.297853371335852,0.315161136361572,0.305974958965663,0.390344688828723,0.258503930641963,0.384488825661545,0.240801003072052,0.26344548220006,0.301482988332892,0.243400424464974,0.319847687598985,0.312845318745181,0.278423237253071,0.305569355501234,0.292422058269403,0.461384418676372,0.247613156348856,0.465905158758441,0.27397548057725,0.384856173879363,0.275596829812544
31.8976974717229,0.416756149012193,0.297729683766263,0.402345548841624,0.305674443145561,0.393558282644831,0.262742347630085,0.38425766431269,0.254795912895927,0.295628686206309,0.276703107258308,0.301821459235354,0.275610725155353,0.325793451866627,0.285322909319668,0.313784658397086,0.289930890237997,0.292521586569353,0.298067197964252,0.315352890437269,0.306136170903208,0.389775318381401,0.258587957498023,0.383728379343515,0.240938229956611,0.262409299407451,0.301581216968893,0.24243364358655,0.319800524719497,0.312325329394025,0.278805067517343,0.305169418551049,0.292710646820958,0.460339019568349,0.247777263420241,0.464716112568319,0.274246243821106,0.384315178772571,0.275798226631173
32.0807458512677,0.415853349957183,0.297888391322697,0.401475175528478,0.30580712325746,0.393017287781832,0.262966407702979,0.383630473962882,0.254989844528644,0.295077226802876,0.277000185922866,0.301237881306962,0.275904771877739,0.325531112615489,0.285594866462387,0.313528550177971,0.290226187057335,0.292505052138463,0.298282606448807,0.315529657494274,0.306298944034577,0.389212869246515,0.258672393085397,0.382974001218586,0.241077140796831,0.26137920713551,0.301680436832538,0.241475457739748,0.31975336934753,0.311808231996701,0.279190078850749,0.304773373540099,0.293001371518659,0.459294194251316,0.247944831472389,0.463511798576648,0.274517276668742,0.383758040121001,0.275999772084798
32.2648446736941,0.414945970307597,0.298047184304543,0.400603266554803,0.305939862250292,0.392468011635487,0.263192455956729,0.382996368051452,0.255185673166649,0.294520071421667,0.277297580577772,0.300644480027425,0.276199131979857,0.325250305818253,0.285867087067583,0.313252943016999,0.290521786591751,0.292489150084342,0.298499603682247,0.315691164738774,0.306463287003892,0.388657242938723,0.258757234956021,0.38222569550336,0.241217713779414,0.260355092487149,0.301780601410461,0.240525793863698,0.319706221481971,0.311293584260657,0.279578281544953,0.30438085269124,0.293294247564584,0.458249823588129,0.24811589651386,0.462293503419719,0.27478857938916,0.383185251262686,0.276201466293494
32.4499999670822,0.414033940804647,0.298206062720088,0.399729707030289,0.306072660145404,0.391910021531515,0.263420503343821,0.382355021371587,0.255383412585301,0.293956867245012,0.277595291555247,0.300040930507818,0.276493805786117,0.324950592322044,0.286139571398138,0.312957473239131,0.290817689182724,0.292473620211762,0.298718196593339,0.315837139383234,0.306629208492781,0.388108340977138,0.258842480660141,0.381483466418839,0.241359927068468,0.259336842567669,0.301881664136205,0.23958457890039,0.319659081121713,0.310780943897438,0.279969685991681,0.303991488231252,0.293589290245219,0.457205788444763,0.248290494779988,0.461062513734031,0.275060152251633,0.382597305538395,0.276403309377445
32.6362177941046,0.413117192184597,0.298365026577563,0.39885438206136,0.306205516964147,0.391342884791467,0.263650560883151,0.381706108711769,0.255583076632769,0.293387261451643,0.277893319187857,0.299426907855497,0.276788793621248,0.324631532971547,0.286412319717206,0.312641777166839,0.291113895172174,0.292458202318169,0.298938392146881,0.315967308633165,0.306796717220577,0.387566064875913,0.258928127746048,0.380747318181127,0.241503758803572,0.258324344479717,0.301983578387184,0.238651739788638,0.319611948265646,0.310269868614055,0.280364302681858,0.303604912382574,0.293886514931997,0.456161969683722,0.248468662738814,0.459820116155851,0.2753319955257,0.381994696285857,0.276605301456947
32.8235042522251,0.412195655188062,0.298524075885141,0.397977176757338,0.306338432727874,0.390766168740589,0.263882639660818,0.381049304864635,0.255784679230229,0.29281090122359,0.278191663808514,0.298802087181193,0.277084095810292,0.32429268861383,0.286685332288216,0.312305491125058,0.291410404902463,0.292442636207619,0.299160197344271,0.316081399700382,0.306965821944891,0.387030316153632,0.259014173760267,0.380017255010693,0.241649187098554,0.257317485328331,0.302086297484922,0.237727203470103,0.319564822912659,0.309759916121644,0.280762142207356,0.30322075737165,0.294185937082549,0.455118248170622,0.248650437094489,0.458567597321922,0.275604109481168,0.381377916845805,0.276807442652405
33.0118654738987,0.411269260552637,0.298683210650941,0.397097976225495,0.306471407457941,0.39017944070153,0.264116750830621,0.380384284619911,0.255988234373204,0.292227433740367,0.278490325750472,0.298166143593141,0.277379712678607,0.32393362009393,0.286958609374869,0.311948251436626,0.291707218716401,0.292426661679255,0.299383619223527,0.316179139792049,0.307136531461822,0.386500996325664,0.259100616247318,0.379293281124843,0.241796190039612,0.256316152216795,0.302189774692442,0.236810896884369,0.319517705061644,0.309250644128249,0.281163215260344,0.302838655421873,0.294487572241302,0.45407450476881,0.248835854792964,0.457306243867978,0.275876494388113,0.380747460556217,0.277009733084337
33.2013076267721,0.410337939016741,0.298842430883026,0.396216665573656,0.306604441175707,0.389582267997524,0.26435290561481,0.379710722768122,0.256193756132235,0.291636506182379,0.278789305347333,0.297518752200239,0.277675644551868,0.323553888257743,0.28723215124114,0.311569694424919,0.292004336957241,0.292410018534067,0.299608664859723,0.316260256116496,0.307308854606459,0.385978006908522,0.259187452749789,0.378575400742086,0.241944745683947,0.255320232248946,0.302293963213727,0.235902746971716,0.319470594711492,0.308741610342888,0.281567532634366,0.302458238757408,0.294791436040588,0.4530306203424,0.249024953026294,0.456037342432367,0.27614915051688,0.380103820757464,0.27721217287337
33.3918369138855,0.409401621365573,0.299001736589407,0.395333129948603,0.306737533902536,0.388974218052015,0.264591115303931,0.379028294149514,0.256401258663024,0.291037765713013,0.279088602933061,0.296859588180256,0.277971891756076,0.323153053912674,0.287505958151268,0.31116945652653,0.292301759968672,0.292392446463097,0.299835341367432,0.316324476026107,0.307482800252684,0.385461249365891,0.259274680809987,0.377863617994964,0.242094832075079,0.254329612531431,0.302398816215907,0.235002680655751,0.319423491861101,0.308232372491137,0.281975105222578,0.30207913971031,0.295097544197083,0.451986475739474,0.249217769254975,0.454762178758339,0.276422078138076,0.379447490216314,0.277414762140239
33.5834595738761,0.408460257088265,0.299161127781064,0.394447270111366,0.306870685660306,0.388354898763329,0.264831390920688,0.378336693515915,0.256610759934879,0.290430852249194,0.279388218848663,0.296188354416713,0.278268454620665,0.322730661918135,0.287780030365816,0.310747219923097,0.292599488090416,0.292373639805654,0.30006365676924,0.316371584865327,0.307658377071012,0.384950603282701,0.259362298657357,0.377157901667103,0.242246434051395,0.253344181089907,0.302504296276375,0.234110617815051,0.319376396512717,0.307722494626778,0.282385943116805,0.301701034085683,0.295405910691601,0.450941945013596,0.249414348270628,0.453481674290216,0.276695277520195,0.378778727952818,0.27761750100408
33.7761818811822,0.40751384347895,0.299320604476644,0.393559026730624,0.307003896472204,0.387724021474144,0.265073742693565,0.377635666510367,0.25682228756494,0.289815387191419,0.279688153452656,0.295504824603664,0.278565333483378,0.322286216378247,0.288054368135501,0.310302783709484,0.292897521651342,0.29235317700255,0.300293621354717,0.316401516194724,0.307835593150012,0.384445892332629,0.259450306282243,0.37645813020522,0.242399553893708,0.25236382830107,0.302610390139222,0.233226460326033,0.319329308677133,0.307211556980726,0.282800054194504,0.301323708796552,0.295716544917679,0.449896884856487,0.249614753244526,0.45219581943841,0.276968748925898,0.378097195606634,0.27782038957976
33.9700101462487,0.406562385262574,0.299480166695964,0.392668346678024,0.307137166361628,0.387081313603493,0.265318180783496,0.376924966686284,0.257035870779867,0.289190989065399,0.279988407106672,0.294808783440691,0.278862528683567,0.321819215066512,0.288328971709689,0.309835965150062,0.293195860978946,0.292330618489693,0.300525245807559,0.316414226610282,0.308014456520236,0.383946931504156,0.259538703950185,0.375764168021392,0.242554196624938,0.251388444908514,0.302717088297556,0.232350107269597,0.319282228366465,0.306699142300559,0.283217446057835,0.300946968023885,0.29602945560652,0.448851149264052,0.249819050511165,0.450904459942497,0.277242492617133,0.377402461994201,0.278023427981559
34.1649507157334,0.40560588716691,0.29963981445881,0.391775176828026,0.307270495351982,0.386426502580657,0.265564715417938,0.376204347600384,0.257251538937814,0.288557276391645,0.280288980172807,0.294100015633532,0.279160040560951,0.321329155748883,0.288603841337961,0.309346581521466,0.293494506401101,0.29230552468286,0.300758540860906,0.316409672721505,0.308194975250725,0.383453535775169,0.259627491928458,0.375075879512823,0.2427103673044,0.250417921654182,0.302824381236294,0.231481457722071,0.319235155592821,0.306184833332402,0.283638126390098,0.30057061595921,0.29634465154992,0.447804592227495,0.250027306775426,0.449607441423035,0.277516508856081,0.376694095853187,0.278226616323848
34.3610099727153,0.404644353944108,0.299799547784942,0.390879464075325,0.307403883466677,0.3857593158869,0.265813356891221,0.37547356283525,0.257469321533966,0.287913867681751,0.280589873013629,0.293378305923548,0.279457869455629,0.320815536171122,0.288878977270106,0.308834450158673,0.293793458246049,0.292277455940823,0.300993517298817,0.316387811212443,0.308377157449228,0.382965520096223,0.25971667048683,0.374393129032223,0.242868071034739,0.24945214928146,0.302932259441697,0.230620410751152,0.319188090368305,0.305668212830869,0.284062102955523,0.300194456849794,0.296662141599108,0.446757067729725,0.250239589128606,0.448304609036506,0.27779079790515,0.375971665623729,0.278429954721088
34.5581943369034,0.40367779033907,0.299959366694086,0.389981155308422,0.30753733072913,0.385079480986229,0.266064115565773,0.374732365965667,0.257689248196324,0.287260381451901,0.280891085992163,0.292643439040728,0.279756015708066,0.320277854087456,0.289154379756133,0.308299388377156,0.294092716842415,0.29224597264533,0.301230185955319,0.316348598743015,0.308561011263034,0.382482699429285,0.259806239896398,0.373715780949814,0.243027312950435,0.248491018534141,0.30304071338499,0.229766865428699,0.319141032705014,0.305148863549238,0.284489383601067,0.299818294924708,0.296981934668367,0.445708429757799,0.250455965046095,0.446995808105997,0.278065360026986,0.375234739853978,0.278633443287833
34.7565102648467,0.402706201095429,0.300119271205937,0.389080197414815,0.307670837162766,0.384386725340564,0.266317001872487,0.373980510565101,0.257911348689493,0.286596436218002,0.281192619471898,0.291895199713436,0.280054479659099,0.319715607252205,0.289430049046266,0.307741213490002,0.2943922825192,0.292210635178907,0.301468557715163,0.316291991969884,0.308746544879154,0.382004888736561,0.25989620042982,0.373043699636598,0.243188098220735,0.24753442015563,0.303149733525722,0.228920720826438,0.319093982615036,0.304626368239869,0.284919976255767,0.299441934410622,0.297304039734575,0.444658532298587,0.250676502400571,0.445680883968532,0.278340195484466,0.374482887100535,0.27883708213873
34.9559642501461,0.401729590956612,0.300279261340158,0.388176537281845,0.307804402791015,0.383680776411623,0.266572026311323,0.373217750206802,0.258135652917089,0.285921650495721,0.281494473816787,0.29113337266981,0.280353261649941,0.319128293419438,0.289705985390945,0.307159742810023,0.294692155605785,0.292171003923672,0.301708643514377,0.31621794754931,0.308933766524691,0.381531902980011,0.259986552361355,0.37237674946334,0.243350432050175,0.246582244889185,0.30325931031202,0.228081876015933,0.319046940110451,0.304100309654846,0.285353888930833,0.299065179533912,0.29762846583756,0.443607229338774,0.250901269472565,0.444359681960971,0.278615304540698,0.373715675919697,0.279040871388515
35.1565628236665,0.400747964665899,0.300439337116381,0.387270121796789,0.307938027637314,0.382961361661047,0.266829199451914,0.372443838463916,0.258362190924082,0.285235642800751,0.28179664939125,0.290357742637985,0.280652362022172,0.318515410343378,0.289982189040827,0.306554793650223,0.29499233643193,0.292126639261649,0.301950454340789,0.316126422137481,0.309122684467215,0.381063557121493,0.260077295966865,0.371714794800702,0.243514319678842,0.245634383478026,0.303369434180448,0.227250230068684,0.318999905203332,0.30357027054623,0.285791129719754,0.298687834520975,0.297955222080534,0.442554374865,0.251130334960992,0.443032047420432,0.278890687459029,0.372932674867954,0.279244811152019
35.3583125537509,0.399761326966747,0.300599498554208,0.386360897847013,0.308071711725106,0.382228208550583,0.26708853193417,0.371658528909727,0.258590992899058,0.284538031648803,0.282099146560169,0.289568094346137,0.28095178111775,0.317876455778135,0.290258660246784,0.305926183323455,0.295292825327774,0.292077101575042,0.302194001234533,0.316017372390749,0.309313307015134,0.380599666123012,0.260168431523827,0.371057700019491,0.2436797663826,0.244690726665443,0.303480095555856,0.22642568205629,0.318952877905743,0.303035833666163,0.28623170679839,0.298309703598247,0.298284317630504,0.441499822863984,0.251363767993779,0.441697825683795,0.279166344503034,0.372133452501651,0.279448901544164
35.5612200464355,0.398769682602974,0.300759745673208,0.385448812320155,0.308205455077843,0.381481044542331,0.267350034468901,0.370861575117886,0.258822089176635,0.283828435556005,0.282401965688894,0.28876421252284,0.281251519279003,0.317210927478273,0.290535399259906,0.305273729143081,0.295593622623838,0.292021951246748,0.302439295288589,0.31589075496614,0.309505642518074,0.380140044947002,0.260259959311336,0.37040532949093,0.24384677747336,0.24375116519497,0.303591284851263,0.225608131050626,0.318905858229743,0.302496581767262,0.286675628425107,0.297930590992677,0.298615761718721,0.440443427322762,0.251601638138793,0.440356862088285,0.279442275936526,0.371317577377725,0.279653142679964
35.765291945666,0.397773036317302,0.300920078492918,0.384533812103077,0.30833925771898,0.380719597097401,0.267613717838373,0.370052730660976,0.259055510239879,0.283106473037429,0.282705107143241,0.287945881895636,0.281551576848634,0.316518323197369,0.290812406331497,0.30459724842139,0.295894728651022,0.291960748657714,0.302686347649215,0.315746526518783,0.309699699367205,0.379684508554656,0.260351879610067,0.369757547585039,0.244015358299206,0.242815589809444,0.303702992467378,0.224797476122755,0.318858846187381,0.30195209760086,0.287122902940581,0.297550300929884,0.298949563641011,0.439385042227488,0.251844015415072,0.439009001970567,0.279718482023549,0.370484618051825,0.279857534674526
35.9705349335149,0.396771392855376,0.301080497032845,0.383615844084681,0.308473119671982,0.379943593679505,0.267879592897071,0.369231749114424,0.259291286722651,0.282371762610821,0.283008571289494,0.287112887194698,0.281851954169721,0.315798140691354,0.29108968171308,0.303896558473212,0.296196143740607,0.291893054193921,0.302935169516677,0.315584643708694,0.309895485995752,0.379232871910398,0.260444192702392,0.369114218674981,0.244185514244908,0.241883891253507,0.303815208793248,0.223993616345853,0.3188118417907,0.301401963921561,0.287573538768589,0.297168637638827,0.299285732758427,0.438324521566612,0.252090970303771,0.437654090668471,0.279994963028382,0.369634143082652,0.28006207764305
36.1769557304008,0.395764756958092,0.301241001312463,0.38269485515055,0.308607040960317,0.379152761748114,0.268147670572061,0.368398384049019,0.259529449412307,0.28162392278956,0.283312358494405,0.286265013145912,0.282152651585716,0.31504987771232,0.291367225656396,0.303171476609222,0.296497868224256,0.291818428233169,0.303185772145397,0.315405063187945,0.310093010879116,0.37878494997341,0.260536898872154,0.368475207128814,0.244357250731664,0.240955960268868,0.303927924204529,0.223196450789669,0.318764845051733,0.300845763478653,0.288027544414754,0.296785405343035,0.299624278497261,0.437261719324844,0.252342573760447,0.436291973517913,0.28027171921554,0.368765721023934,0.280266771700826
36.3845610953078,0.394753133370472,0.301401591351214,0.38177079218918,0.308741021607463,0.378346828766428,0.268417961863935,0.367552389039604,0.259770029252007,0.280862572090977,0.283616469125192,0.285402044479009,0.282453669440445,0.31427303201595,0.291645038413399,0.302421820144008,0.296799902434016,0.291736431160546,0.303438166844938,0.315207741615709,0.31029228253557,0.3783405577075,0.260629998404938,0.367840377319094,0.244530573217943,0.240031687599845,0.304041129065158,0.222405878526984,0.318717855982507,0.300283079026194,0.288484928468204,0.296400408270959,0.299965210349972,0.436196489490211,0.252598897225977,0.434922495856768,0.28054875084977,0.36787892043407,0.28047161696324
36.5933578260074,0.393736526837174,0.301562267168509,0.380843602088751,0.308875061636902,0.377525522197232,0.268690477847247,0.366693517660621,0.26001305734328,0.28008732903173,0.283920903549548,0.284523765923129,0.282755008078113,0.313467101357074,0.291923120236264,0.301647406391185,0.297102246702313,0.291646623360105,0.303692364980272,0.314992635650101,0.310493309526455,0.377899510075905,0.260723491587925,0.367209593617844,0.244705487199367,0.239110963990394,0.304154813726198,0.221621798630187,0.318670874595043,0.299713493317495,0.288945699600795,0.296013450650177,0.300308537875343,0.435128686050306,0.252860012638849,0.433545503022128,0.280826058196055,0.366973309870311,0.280676613545769
36.8033527592808,0.392714942098649,0.301723028783727,0.379913231734586,0.309009161072124,0.376688569499673,0.268965229671103,0.365821523482464,0.260258564948929,0.279297812125064,0.28422566213563,0.283629962203972,0.283056667843297,0.312631583487873,0.292201471377382,0.300848052661565,0.297404901361958,0.291548565209217,0.303948377972207,0.31475970194282,0.310696100456497,0.377461622037459,0.260817378709798,0.366582720392762,0.244881998208827,0.238193680182064,0.30426896852502,0.220844110168816,0.318623900901351,0.299136589101629,0.289409866566659,0.295624336704085,0.300654270698769,0.434058162989612,0.25312599244792,0.432160840350232,0.281103641519613,0.366048457886533,0.280881761563982
37.0145527711429,0.391688383900684,0.301883876216216,0.378979628015654,0.309143319936624,0.375835698137547,0.269242228560038,0.364936160080676,0.260506583495171,0.278493639888684,0.28453074525207,0.282720418051705,0.283358649080952,0.311765976164112,0.292480092089362,0.300023576269775,0.297707866746146,0.29144181709389,0.304206217298319,0.314508897153879,0.310900663974456,0.377026708556648,0.260911660061006,0.365959622017087,0.245060111817218,0.23727972691951,0.304383583786954,0.220072712216076,0.318576934913435,0.298551949133174,0.289877438203818,0.295232870661564,0.301002418513158,0.432984774296613,0.253396909623676,0.43076835317866,0.281381501085895,0.365103933041199,0.281087061133541
37.226964777067,0.390656856985888,0.302044809485289,0.37804273781873,0.309277538253905,0.374966635572029,0.269521485814443,0.364037181027876,0.260757144574739,0.277674430837962,0.28483615326797,0.281794918194021,0.28366095213641,0.310869777139835,0.29275898262503,0.299173794528505,0.298011143188455,0.291325939395144,0.304465894493141,0.314240177938544,0.311107008773269,0.376594584594588,0.261006335933525,0.365340162860738,0.245239833633248,0.236368994945548,0.304498649823504,0.21930750384295,0.318529976643292,0.29795915616361,0.29034842343288,0.294838856748314,0.301352991078945,0.4319083739574,0.253672837671848,0.429367886844316,0.281659637160591,0.364139303890647,0.281292512370203
37.440595732212,0.389620366099006,0.30220582861023,0.377102508031731,0.309411816047477,0.374081109267107,0.269803012811264,0.363124339899717,0.261010279949205,0.27683980349188,0.285141886552903,0.280853247361353,0.283963577355381,0.309942484172649,0.293038143237429,0.298298524753313,0.298314731022847,0.2912004924979,0.304727421148801,0.313953500956123,0.311315143590489,0.376165065114324,0.261101406620985,0.36472420729543,0.245421169303913,0.235461375004061,0.304614156933094,0.218548384121375,0.318483026102911,0.297357792947327,0.290822831257703,0.294442099192051,0.301705998224651,0.430828815959304,0.25395385064533,0.427959286684449,0.281938050009623,0.363154138996241,0.281498115389816
37.6554526316495,0.388578915983048,0.302366933610289,0.376158885542135,0.309546153340854,0.37317884668284,0.270086821004902,0.362197390267727,0.261266021552323,0.275989376363247,0.285447945476916,0.279895190280176,0.28426652508395,0.308983595013395,0.293317574179822,0.297397584254817,0.298618630583671,0.291065036782952,0.304990808915906,0.313648822861202,0.311525077208988,0.375737965077804,0.261196872418651,0.364111619692047,0.245604124514704,0.234556757838286,0.304730095400603,0.21779525212331,0.318436083304272,0.296747442234976,0.291300670765943,0.294042402218908,0.302061449847728,0.429745954289171,0.254240023158939,0.426542398035997,0.282216739899149,0.362148006909491,0.281703870308321
37.8715425105932,0.387532511380009,0.302528124504685,0.37521181723688,0.30968055015756,0.37225957527785,0.270372921927712,0.361256085701907,0.261524401492573,0.275122767962939,0.285754330410529,0.27892053167553,0.284569795668583,0.307992607410927,0.293597275705691,0.296470790342014,0.29892284220566,0.290919132629101,0.30525606950387,0.313326100306271,0.311736818457147,0.375313099446037,0.261292733623399,0.36350226442061,0.245788704989818,0.233655034190928,0.30484645549712,0.217048006920266,0.318389148259349,0.296127686775683,0.291781951128673,0.293639570053961,0.302419355914733,0.428659642933245,0.254531430402012,0.425117066235609,0.282495707095564,0.361120476179088,0.281909777241754
38.088872444629,0.386481157034145,0.302689401312604,0.374261250003569,0.309815006521122,0.371323022515654,0.27066132719043,0.36030017977739,0.261785452055474,0.274239596809438,0.286061041724737,0.277929056277392,0.284873389456122,0.306969019122424,0.293877248068732,0.295517960330056,0.299227366223932,0.290762340420448,0.305523214681147,0.312985289949836,0.311950376208951,0.374890283181568,0.26138899053371,0.36289600585235,0.245974916492449,0.232756094805596,0.304963227480038,0.216306547583868,0.318342220980109,0.295498109323295,0.292266681599968,0.293233406924433,0.302779726461367,0.427569735878511,0.254828148150425,0.423683136620436,0.282774951865499,0.360071115365826,0.282115836306241
38.3074495499469,0.385424857743661,0.302850764053207,0.3733071307449,0.309949522455082,0.370368915979856,0.2709520484776,0.359329426194993,0.262049205696727,0.273339481609755,0.286368079791003,0.276920548937543,0.285177306793789,0.305912328112662,0.294157491522854,0.294538911687895,0.299532202973981,0.290594220670478,0.305792256268488,0.312626348597791,0.312165759377564,0.374469331283101,0.261485643449299,0.362292708386495,0.246162764825035,0.231859830447362,0.305080401594745,0.215570773187252,0.318295301478505,0.294858292747929,0.292754871503994,0.292823717110047,0.303142571583701,0.426476087129075,0.255130252750522,0.422240454541765,0.283054474475813,0.358999493332387,0.282322047617998
38.5272809835738,0.384363617066551,0.303012212745464,0.372349406008337,0.310084097982872,0.369396980524341,0.271245097677401,0.358343575796912,0.262315695287144,0.272422036799382,0.28667544498138,0.275894791741916,0.285481548029212,0.304822027650471,0.2944380063224,0.293533458403311,0.299837352791958,0.290414330940404,0.306063206318924,0.312249229699099,0.312382977083173,0.374050057911436,0.26158269267996,0.361692235768748,0.246352255829258,0.230966131385305,0.305197968025495,0.214840582755742,0.318248389766568,0.294207817275717,0.293246530551801,0.29241030368759,0.303507901664874,0.425378550287498,0.255437821872289,0.420788865033047,0.28333427519373,0.357905172114781,0.282528411293504
38.7483739436083,0.383297450676881,0.30317374740986,0.371388025820097,0.310218733129031,0.368406967638371,0.271540485551938,0.357342407320324,0.262584951619024,0.271486918478447,0.286983137667285,0.274851593761028,0.285786113510117,0.303697656800771,0.294718792719813,0.292501448415075,0.300142816011761,0.290222257610035,0.306336075271014,0.311853919464943,0.312602036929374,0.373632285419819,0.261680138455117,0.361094458139394,0.246543395389866,0.230074892736505,0.305315917405252,0.214115875795171,0.318201485855509,0.293546288932511,0.293741665581679,0.291992981480985,0.303875725045681,0.42427698288719,0.255750926902685,0.419328216223868,0.283614354285477,0.356787780322382,0.282734927447631
38.9707356694557,0.382226444802039,0.303335368075863,0.370422960466624,0.310353427924488,0.367398783896324,0.271838215903016,0.356325861922955,0.262856992458649,0.27053402533143,0.287291158214115,0.273790921180393,0.286091003582948,0.302539021261335,0.294999850955393,0.291442927328469,0.300448592952284,0.290017754858391,0.306610863851851,0.311440594865048,0.312822937449993,0.373215883868306,0.261777980528143,0.360499282878226,0.246736189450499,0.229186037848195,0.305434243050999,0.213396554614246,0.318154589751809,0.29287346396135,0.294240266243861,0.291571633711912,0.304246037804277,0.423171265353425,0.256069599520666,0.417858374261366,0.283894712010321,0.355647334165971,0.282941596185399
39.1943734420656,0.381150735662432,0.303497074779322,0.369454194591103,0.310488182404719,0.366372445762232,0.272138287587057,0.355293995849842,0.263131826333126,0.269563427932245,0.287599506983107,0.272712851513895,0.286396218593345,0.301346115659813,0.295281181260843,0.290358080811639,0.300754683921824,0.289800695764591,0.306887565882806,0.311009568037523,0.313045670734874,0.372800757122168,0.261876218314758,0.35990664375335,0.246930644008731,0.228299510071625,0.305552940182724,0.212682523508833,0.3181077014586,0.292189205046495,0.294742309890385,0.291146192068932,0.304618827277344,0.422061294333185,0.256393843221262,0.416379218061442,0.284175348622635,0.354484124501458,0.283148417604842
39.41929458417,0.380070458467047,0.303658867555959,0.368481712545689,0.310622996605133,0.365327967478881,0.272440699585337,0.354246863019631,0.26340946204937,0.268575193381108,0.287908184336018,0.271617460025162,0.286701758887342,0.300118930806125,0.295562783868175,0.289247091702138,0.301061089229173,0.28957095100342,0.307166175321485,0.310561148387586,0.31327022900365,0.372386808362199,0.261974851237768,0.359316473998268,0.247126765102493,0.227415252353087,0.305672003974792,0.211973686733657,0.318060820979079,0.291493372720412,0.295247773982523,0.290716587259996,0.304994080936612,0.420946966144655,0.25672366235867,0.414890626281638,0.284456264377078,0.353298436635119,0.283355391804178
39.6455064605233,0.378985748619633,0.303820746441525,0.367505498739019,0.310757870561186,0.364265363715149,0.27274545088377,0.353184517797319,0.263689908469418,0.267569389443855,0.288217190635014,0.270504822409339,0.287007624811334,0.298857458241348,0.2958446590095,0.288110143379764,0.30136780918335,0.289328391711524,0.307446686094896,0.310095645845098,0.31349660444996,0.371973940901374,0.262073878718984,0.358728706949964,0.247324558810801,0.226533207716999,0.305791429602401,0.211269948552071,0.318013948316426,0.290785827928428,0.295756635793969,0.290282750181723,0.30537178617772,0.419828177169768,0.257059061457866,0.413392477628937,0.284737459528475,0.352090556935972,0.283562518881635
39.8730164781432,0.37789674150303,0.30398271147177,0.366525537572861,0.31089280430836,0.363184649096907,0.273052540493551,0.352107014502729,0.263973174550818,0.266546083820269,0.288526526242691,0.269375014318149,0.287313816712087,0.297561689434579,0.29612680691706,0.286947419170544,0.301674844093653,0.289072888977604,0.307729092128117,0.30961337028604,0.313724789268167,0.371562058037725,0.262173300180556,0.358143275933294,0.247524031253816,0.225653319179046,0.305911212232755,0.210571213225204,0.317967083473821,0.290066431573867,0.296268872458449,0.289844611710455,0.305751930355694,0.418704823782765,0.257400045334826,0.41188465080519,0.285018934331836,0.350860771668646,0.283769798935484
40.1018320865536,0.37680357250215,0.304144762682448,0.365541813451124,0.311027797882161,0.36208583824958,0.273361967449204,0.351014407455404,0.264259269343643,0.265505344207489,0.288836191522073,0.268228111402749,0.287620334936734,0.296231615851093,0.296409227823233,0.285759102398578,0.301982194269653,0.288804313892554,0.308013387341672,0.309114631587802,0.313954775650768,0.371151063072201,0.262273115045011,0.357560114276201,0.247725188593458,0.224775529756485,0.306031347026815,0.209877385016771,0.317920226454442,0.289335044560424,0.296784460962977,0.28940210272493,0.306134500780901,0.417576802360247,0.257746619084794,0.410367024512939,0.285300689042355,0.349609367091723,0.283977232064038
40.3319607780282,0.375706376998328,0.304306900109315,0.364554310775194,0.311162851318125,0.360968945795406,0.273673730807764,0.349906750971396,0.26454820199091,0.264447238299414,0.289146186836611,0.267064189311088,0.28792717983278,0.294867228953373,0.296691921960527,0.284545376384915,0.302289860021195,0.288522537541153,0.308299565650402,0.308599739621848,0.314186555787376,0.370740859301825,0.262373322735013,0.356979155302793,0.247928037033226,0.223899782464375,0.306151829137822,0.20918836818792,0.317873377261465,0.288591527787828,0.297303378142561,0.288955154099829,0.306519484716992,0.416444009275988,0.258098788080781,0.408839477453335,0.285582723915411,0.348336629460223,0.284184818365646
40.5634100878357,0.374605290373392,0.304469123788131,0.363563013946882,0.311297964651814,0.35983398635712,0.273987829648523,0.348784099367261,0.26483998172903,0.263371833790639,0.289456512550187,0.265883323691772,0.288234351748099,0.293468520204703,0.296974889561581,0.283306424451552,0.302597841658394,0.288227431009371,0.308587620963174,0.308069004260844,0.314420121864323,0.370331350024312,0.262473922673483,0.356400332337841,0.248132582818801,0.223026020318206,0.306272653712125,0.208504067000281,0.317826535898061,0.287835742156643,0.297825600677432,0.288503696710802,0.306906869379792,0.415306340904296,0.258456557971959,0.40730188832827,0.285865039206568,0.347042845030202,0.2843925579387
40.796187594487,0.373500448011382,0.304631433754657,0.36256790736944,0.311433137918817,0.358680974559303,0.274304263072594,0.347646506961645,0.265134617888048,0.262279198377298,0.289767169027112,0.264685590195011,0.288541851030934,0.292035481069359,0.297258130859168,0.282042429921481,0.302906139491644,0.287918865386363,0.308877547182351,0.307522735380456,0.314655466064095,0.369922438539562,0.262574914283612,0.355823578708273,0.248338832238317,0.222154186334618,0.306393815889343,0.207824385716872,0.317779702367402,0.287067548569383,0.298351105089658,0.288047661435337,0.30729664193597,0.414163693620994,0.258819934682031,0.405754135839621,0.286147635171573,0.34572830005895,0.284600450881631
41.0303009199831,0.372391985292924,0.304793830044659,0.36156897544384,0.311568371154751,0.357509925023636,0.274623030202408,0.346494028069944,0.265432119892568,0.261169399752934,0.290078156632128,0.263471064468362,0.288849678029899,0.290568103009736,0.297541646086188,0.280753576115735,0.303214753831608,0.287596711756081,0.309169338203089,0.306961242851397,0.314892580564664,0.369514028143984,0.262676296988716,0.355248827737585,0.248546791622436,0.221284223528374,0.306515310801324,0.207149228598467,0.317732876672655,0.286286807925315,0.298879867738784,0.28758697914776,0.307688789501466,0.413015963799462,0.259188924408813,0.404196098688859,0.286430512066359,0.344393280801384,0.284808497292909
41.2657577300646,0.371280037602419,0.304956312693906,0.360566202573594,0.311703664395259,0.356320852375026,0.274944130181436,0.345326717011159,0.265732497261788,0.26004250561404,0.290389475730407,0.262239822162382,0.289157833093981,0.289066377490433,0.297825435475676,0.279440046357654,0.303523684989226,0.287260841208351,0.309462987913062,0.306384836549994,0.315131457539103,0.369106022137894,0.262778070212404,0.354676012753108,0.248756467344957,0.220416074916354,0.306637133573396,0.206478499908364,0.317686058816986,0.285493381127393,0.299411864819442,0.287121580726015,0.308083299140457,0.411863047815819,0.25956353362205,0.402627655578034,0.286713670147043,0.343038073515211,0.285016697271043
41.5025657344627,0.370164740321639,0.305118881738166,0.35955957316044,0.311839017676014,0.355113771236128,0.275267562173642,0.344144628101775,0.266035759610401,0.258898583655033,0.290701126687552,0.260991938925519,0.289466316572536,0.287530295974487,0.298109499260797,0.278102023968945,0.303832933275711,0.286911124828866,0.309758490191702,0.305793826348616,0.31537208915488,0.368698323818876,0.262880233378402,0.354105067079492,0.248967865822807,0.219549683513953,0.306759279323136,0.205812103908091,0.317639248803558,0.284687129075974,0.299947072356837,0.286651397045496,0.308480157863731,0.410704842044265,0.259943769063074,0.401048685208782,0.286997109669926,0.341662964456163,0.285225050914584
41.7407326871518,0.369046228833861,0.305281537213216,0.358549071607141,0.311974431032712,0.353888696230901,0.275593325363161,0.342947815659729,0.26634191664888,0.257737701571564,0.2910131098696,0.25972749040747,0.289775128815294,0.2859598499259,0.298393837674848,0.276739692272326,0.304142499002548,0.286547433705758,0.310055838909835,0.305188522121981,0.315614467573412,0.368290836486096,0.262982785910648,0.353535924042939,0.249180993516539,0.218684992337433,0.306881743161081,0.205149944860206,0.31759244663553,0.283867912672956,0.300485466203941,0.286176358983115,0.308879352627545,0.409541242860122,0.260329637743095,0.399459066283031,0.287280830891493,0.340268239881196,0.28543355832212
41.9802663866035,0.367924638520394,0.30544427915483,0.357534682315128,0.312109904501081,0.352645641981601,0.275921418953805,0.341736334001061,0.266650978184188,0.256559927057702,0.291325425643018,0.258446552256323,0.290084270172354,0.28435503080746,0.298678450951256,0.27535323458925,0.304452382481502,0.286169638924027,0.310355027929015,0.304569233741798,0.315858584949433,0.367883463436676,0.26308572723319,0.352968516967642,0.249395856930456,0.217821944401941,0.307004520190029,0.204491927025945,0.317545652316063,0.283035592818263,0.301027022037469,0.285696397413855,0.309280870332135,0.40837214663726,0.260721146942506,0.397858677502379,0.287564834068416,0.338854186045732,0.28564221959228
42.2211746760415,0.366800104765839,0.305607107598788,0.356516389688032,0.312245438116873,0.351384623113306,0.276251842168751,0.340510237444968,0.266962954119961,0.255365327810039,0.291638074374706,0.257149200122755,0.290393740994192,0.282715830083792,0.29896333932358,0.273942834243064,0.304762584024607,0.285777611573706,0.310656051101201,0.30393627108458,0.316104433430565,0.367476107971084,0.263189056770307,0.352402779181091,0.249612462613138,0.216960482724429,0.307127605505941,0.203837954668688,0.317498865848311,0.282190030414966,0.301571715355256,0.285211443215738,0.309684697820618,0.407197449751916,0.261118304209023,0.396247397568786,0.28784911945755,0.337421089207485,0.285851034823733
42.4634654436988,0.365672762949378,0.305770022580872,0.355494178125818,0.312381031915868,0.350105654246342,0.276584594249955,0.339269580305384,0.267277854457604,0.254153971520703,0.291951056432002,0.255835509652963,0.290703541631652,0.281042239215813,0.299248503025509,0.272508674553338,0.305073103944175,0.285371222736167,0.310958902267907,0.303289944018667,0.316352005156581,0.367068673384125,0.263292773946274,0.351838644005228,0.249830817157354,0.21610055031876,0.307250994196291,0.203187932048165,0.317452087235427,0.281331086360583,0.302119521471461,0.284721427261437,0.310090821877295,0.406017048576301,0.261521117357775,0.394625105182947,0.288133687315934,0.335969235619567,0.286060004115186
42.7071466230759,0.364542748457986,0.305933024136867,0.354468032033828,0.312516685933875,0.348808750008049,0.276919674458069,0.338014416903917,0.267595689296137,0.252925925888844,0.292264372182671,0.254505556500029,0.291013672435957,0.279334249670957,0.299533942290866,0.271050938846306,0.305383942552793,0.284950343506004,0.311263575260249,0.302630562424827,0.31660129225922,0.366661062979063,0.263396878185709,0.351276044770228,0.250050927201065,0.215242090203485,0.307374681342562,0.202541763429605,0.317405316480563,0.280458621561319,0.302670415515389,0.28422628043207,0.310499229226982,0.404830839488678,0.261929594468546,0.39299167904859,0.288418537900795,0.334498911543221,0.286269127565387
42.9522261932004,0.363410196671197,0.306096112302561,0.353437935812186,0.31265240020673,0.347493925019637,0.277257082071539,0.336744801555273,0.267916468833251,0.2516812586077,0.292578021994919,0.253159416310891,0.291324133758698,0.277591852913996,0.2998196573536,0.269569810443976,0.305695100163322,0.28451484496648,0.311570063897702,0.301958436171483,0.316852286861153,0.366253180051427,0.263501368913127,0.350714914798556,0.250272799426781,0.214385045392864,0.307498662017164,0.201899353073269,0.317358553586866,0.279572496916719,0.303224372425448,0.2837259336008,0.310909906532895,0.403638718861812,0.262343743886274,0.391346997868803,0.28870367146954,0.333010403235392,0.286478405273123
43.1987121788887,0.36227524297159,0.306259287113743,0.352403873863282,0.312788174770293,0.346161193902566,0.277596816386754,0.335460788575335,0.268240203366104,0.250420037369242,0.292892006237385,0.251797164732826,0.291634925951845,0.27581504039655,0.300105648447794,0.268065472660722,0.3060065770889,0.284064598199839,0.31187836198816,0.301273875132778,0.317104981075953,0.36584492789825,0.263606245553243,0.350155187414931,0.250496440562725,0.213529358901903,0.307622931285445,0.201260605240105,0.317311798557484,0.278672573322298,0.303781366947491,0.283220317642527,0.311322840395955,0.402440583069343,0.26276357421987,0.389690940337181,0.288989088279766,0.33150399694037,0.286687837337221
43.4466126510081,0.361138022723266,0.306422548606214,0.351365830569786,0.312924009660454,0.344810571375744,0.277938876707474,0.334162432345284,0.268566903267875,0.249142330033325,0.29320632527914,0.250418877505209,0.291946049367739,0.274003804272529,0.300391915807661,0.2665381092658,0.306318373642931,0.283599474538793,0.312188463323412,0.300577189114438,0.317359367000293,0.365436209878465,0.263711507529728,0.349596795968319,0.250721857373503,0.212674973783942,0.307747484203096,0.200625424244136,0.317265051395553,0.277758711991668,0.304341373633503,0.282709363485165,0.311738017350568,0.401236328538968,0.26318909430337,0.38802338563069,0.289274788589252,0.329979979607883,0.286897423856544
43.6959357267419,0.359998671221703,0.306585896815803,0.350323790244459,0.313059904913116,0.343442072466118,0.278283262321947,0.332849787449386,0.268896578935647,0.247848204996261,0.293520979489691,0.249024630658339,0.292257504359087,0.272158138965186,0.300678459667539,0.264987905495805,0.306630490139075,0.283119346113163,0.312500361669696,0.299868687686593,0.31761543669736,0.365026929542183,0.263817154262413,0.349039673877063,0.250949056639035,0.211821833211334,0.307872315809935,0.199993714565265,0.317218312104181,0.276830775159862,0.304904366842257,0.282193002219178,0.312155423856757,0.400025851866872,0.26362031311192,0.386344214490005,0.289560772655973,0.328438640465514,0.287107164929993
43.9466895698542,0.358857323932246,0.306749331778275,0.349277737374936,0.313195860564238,0.342055711409438,0.278629972617081,0.331522907948183,0.269229241061782,0.246537729280249,0.29383596923899,0.247614499475297,0.292569291278993,0.270278033099963,0.300965280261909,0.263415042837167,0.306942926891324,0.282624083009004,0.312814050812182,0.299148681012847,0.31787318227814,0.364616989945797,0.263923185181055,0.348483754376887,0.251178045263419,0.210969880049505,0.307997421157794,0.199365380256263,0.31717158068654,0.275888622448494,0.305470320712374,0.281671164514725,0.312575046331637,0.398809049215072,0.264057240187851,0.384653303662042,0.289847040738069,0.326880262920457,0.287317060656517
44.1988823909582,0.357714116346825,0.306912853529394,0.348227656476235,0.313331876649808,0.340651502317045,0.278979007008959,0.330181847819827,0.26956490047109,0.245210969691451,0.294151294897432,0.24618855912163,0.292881410480934,0.268363474391258,0.301252377825383,0.261819702186925,0.307255684213959,0.282113554991031,0.313129524527338,0.298417479349762,0.318132595851499,0.364206294067988,0.264029599717014,0.347928970674678,0.251408830209748,0.210119057115569,0.308122795293786,0.198740325302699,0.317124857145803,0.274932113068422,0.306039209173429,0.281143780975717,0.312996871128432,0.397585816677269,0.264499885382352,0.382950529266111,0.290133593093864,0.325305129465243,0.28752711113511
44.4525224477844,0.356569183957367,0.307076462104921,0.347173532063376,0.313467953205843,0.339229459300278,0.279330364929532,0.328826661042471,0.269903568090907,0.24386799303603,0.294466956835849,0.24474688476288,0.293193862318768,0.266414450553474,0.301539752592704,0.260202064442121,0.307568762421534,0.281587631823957,0.313446776577377,0.297675392953899,0.318393669514458,0.363794744887436,0.264136397301706,0.347375255977328,0.251641418488238,0.20926930722664,0.308248433257179,0.198118453690142,0.317078141485146,0.273961106230504,0.306611005945406,0.280610782206063,0.313420884531538,0.39635605034716,0.264948258806436,0.381235767421521,0.290420429981864,0.323713522592401,0.287737316464802
44.7076180454512,0.355422662069419,0.307240157540692,0.346115348459158,0.313604090268358,0.337789597343928,0.279684045734951,0.327457402172818,0.27024525473571,0.242508867636398,0.294782955425497,0.243289552389458,0.293506647146708,0.264430955695969,0.301827404798734,0.258562314636425,0.307882161828816,0.28104618552803,0.313765800674018,0.29692273142867,0.318656395286658,0.363382245928319,0.264243577355718,0.346822543694102,0.251875817070294,0.208420573538868,0.308374330057664,0.197499669875859,0.317031433707671,0.272975464028854,0.307185684554753,0.280072099274113,0.31384707272925,0.39511964679798,0.265402370488694,0.379508898652434,0.290707551660784,0.322105731214449,0.287947676744651
44.9641775367367,0.354274677761521,0.307403939875587,0.345053081501733,0.313740287872186,0.336331969985277,0.280040044762562,0.326074151303631,0.27058996177724,0.241133728739735,0.295099291037435,0.241816674399834,0.293819765318524,0.262413266192641,0.302115334677913,0.256900820388232,0.308195882747931,0.280489187678878,0.314086588934986,0.296159775547335,0.318920762302712,0.362968724791748,0.264351138819673,0.346270776166408,0.252112029164073,0.207572814172701,0.30850047973887,0.19688389913695,0.316984733813484,0.271975175820116,0.307763219165364,0.279527683747335,0.314275420688892,0.393876523768614,0.265862215620543,0.377769997906867,0.290994958390366,0.320482327612944,0.288158192073153
45.2222093223525,0.353125344540275,0.30756780915352,0.343986693032398,0.313876546050178,0.334856694356176,0.280398350681208,0.324677030650585,0.270937674875106,0.239742821989622,0.295415964042105,0.240328423249241,0.294133217187006,0.260362124034131,0.302403542463896,0.255218250502407,0.308509925486453,0.279916774074513,0.314409130848803,0.295386758523012,0.31918675493251,0.362554148794422,0.264459079841274,0.34571991046873,0.252350051718937,0.206726011932593,0.308626874753447,0.196271101093613,0.316938041797743,0.270960440889173,0.308343585138509,0.278977521006228,0.314705911399875,0.392626633911443,0.266327764601826,0.376019460849473,0.29128265043194,0.3188443515076,0.288368862547848
45.4817218512184,0.351974773678954,0.307731765419251,0.342916142588772,0.31401286483488,0.333363898060776,0.280758951019965,0.323266169366374,0.271288377061592,0.238336411208132,0.295732974810212,0.238824981282752,0.294447003105085,0.258278347877792,0.302692028390314,0.253515323376547,0.308824290351408,0.279329107555246,0.314733415440662,0.294603905740263,0.319454356724873,0.362138491793898,0.264567398435686,0.345169906102901,0.252589880656852,0.205880153688188,0.308753507281625,0.195661241021796,0.316891357654799,0.269931493088012,0.308926757863212,0.278421602000376,0.315138527447792,0.391369935628587,0.266798983686724,0.374257735952658,0.291570628047259,0.317192919585069,0.288579688266147
45.7427236207396,0.350823076535472,0.307895808717531,0.341841389796168,0.314149244258873,0.331853708300768,0.281121833301621,0.321841696336695,0.27164205142513,0.236914759519472,0.296050323712897,0.237306530465425,0.294761123426073,0.256162753440276,0.302980792690927,0.251792755505909,0.309138977650092,0.278726349922761,0.315059431715943,0.29381144288247,0.319723551215295,0.361721727395866,0.264676092620714,0.344620722476663,0.252831511944696,0.205035226152683,0.308880369500733,0.195054283979875,0.316844681379034,0.268888564941988,0.309512712513075,0.277859917464937,0.315573251336214,0.390106387100955,0.267275839217004,0.372485269663676,0.291858891498263,0.315529145579704,0.288790669325503
46.005223177084,0.349670364472507,0.308059939093132,0.340762394283446,0.314285684354757,0.330326252276224,0.281486984999928,0.320403740447644,0.271998681009338,0.235478130042342,0.296368011121736,0.235773252760681,0.295075578503646,0.254016156405086,0.30326983559962,0.250051263365086,0.309453987690047,0.278108662971991,0.315387168643402,0.293009595641975,0.31999432189559,0.361303829206804,0.264785160411943,0.344072319000373,0.253074941554795,0.204191216039446,0.309007453576136,0.19445019502606,0.316798012964834,0.267831888964131,0.310101424052873,0.277292458135922,0.316010065473626,0.38883594650949,0.267758297455962,0.370702508405912,0.292147441047088,0.31385414319307,0.289001805823402
46.2692291154632,0.348516748846059,0.308224156590847,0.339679115674955,0.314422185155154,0.328781657181742,0.281854393537516,0.318952430579095,0.272358248810018,0.23402678589063,0.296686037408739,0.234225330126863,0.295390368691853,0.251839372453508,0.303559157350401,0.248291563425631,0.309769320779056,0.277476208488299,0.315716615153841,0.292198589701234,0.320266652212369,0.36088477082655,0.264894599822392,0.34352465507777,0.253320165463517,0.203348110058265,0.309134751659163,0.193848939214347,0.316751352406588,0.266761697661837,0.310692867234109,0.27671921474317,0.316448952171369,0.387558572030451,0.268246324577695,0.36890989860283,0.292436276956062,0.312169026123499,0.289213097857364
46.5347500804131,0.347362341016566,0.308388461255491,0.338591513598035,0.31455874669271,0.327220050215692,0.282224046284781,0.317487895615151,0.272720737772019,0.232560990181644,0.297004402946352,0.232662944525818,0.295705494345109,0.249633217269164,0.303848758177401,0.246514372161691,0.310084977225146,0.276829148263753,0.31604776013978,0.291378650749232,0.320540525566403,0.360464525859463,0.265004408862763,0.342977690117054,0.253567179651316,0.202505894921377,0.309262255889093,0.193250481601621,0.316704699698688,0.265678223546659,0.311287016593908,0.276140178020725,0.3168898936427,0.386274221843294,0.268739886655474,0.367107886678441,0.292725399487712,0.31047490807235,0.289424545524942
46.8017947660769,0.346207252344059,0.308552853131901,0.337499547679775,0.31469536900009,0.325641558576133,0.282595930558431,0.316010264439554,0.273086130787114,0.231081006032486,0.297323108107453,0.231086277919163,0.296020955818199,0.247398506535632,0.304138638314877,0.24472040604739,0.310400957336586,0.276167644089893,0.316380592454541,0.290550004474477,0.32081592531162,0.360043067909512,0.265114585541287,0.342431383526036,0.253815980102056,0.201664557340815,0.309389958392217,0.192654787244512,0.316658054835527,0.264581699129845,0.311883846451385,0.275555338702367,0.317332872001149,0.384982854127223,0.269238949652278,0.365296919056915,0.293014808904759,0.308772902740934,0.289636148923726
47.0703719164907,0.345051594187343,0.308717332264934,0.336403177546394,0.314832052109981,0.324046309460001,0.282970033620101,0.314519665934821,0.273454410691539,0.229587096559068,0.297642153265358,0.229495512267353,0.296336753466279,0.245136055935384,0.304428797997208,0.242910381555644,0.310717261421887,0.275491857756125,0.316715100911455,0.289712876563394,0.321092834754169,0.359620370579318,0.265225127863669,0.341885694711214,0.254066562802469,0.200824084027855,0.309517851281594,0.19206182119878,0.316611417811503,0.26347235692124,0.312483330904617,0.274964687520427,0.317777869259039,0.383684427060456,0.269743479410761,0.363477442161797,0.293304505470118,0.307064123829145,0.289847908151337
47.3404903258686,0.343895477906905,0.30888189869947,0.335302362825277,0.314968796055093,0.322434430065724,0.283346342675103,0.313016228985113,0.273825560263469,0.228079524878799,0.297961538793817,0.227890829532323,0.296652887644875,0.242846681152166,0.304719237458898,0.241085015160735,0.311033889789804,0.274801951054684,0.317051274283275,0.288867492705145,0.321371237151638,0.359196407473324,0.265336033833139,0.341340583080866,0.254318923741876,0.199984461694789,0.309645926657596,0.191471548521373,0.316564788621016,0.262350429432516,0.313085443828364,0.274368215209081,0.318224867326239,0.382378898822514,0.270253441642895,0.361649902417198,0.293594489446901,0.305349685038506,0.290059823305431
47.6121588388917,0.342739014862014,0.309046552480411,0.334197063142986,0.315105600868156,0.320806047590684,0.283724844871006,0.311500082473425,0.274199562220733,0.226558554108115,0.298281265067019,0.226272411675028,0.296969358709881,0.240531197868998,0.305009956934572,0.239245023336187,0.311350842749336,0.274098085775875,0.317389101301313,0.288014078587045,0.321651115712095,0.358771152194701,0.265447301450341,0.340796008042021,0.254573058911561,0.199145677053209,0.309774176607292,0.190883934268408,0.316518167258468,0.261216149174129,0.313690158870743,0.273765912501309,0.318673848008607,0.381066227592023,0.270768801920327,0.359814746247046,0.293884761098415,0.303630700069621,0.290271894483699
47.885386350997,0.341582316411519,0.30921129365268,0.333087238125789,0.315242466581922,0.319161289231885,0.284105527296321,0.309971355282333,0.274576399218347,0.225024447363057,0.298601332459588,0.224640440656032,0.297286167017566,0.238190421768538,0.305300956658981,0.237391122555131,0.311668120609725,0.273380423709265,0.317728570654745,0.287152859895689,0.321932453593241,0.358344578346145,0.265558928713324,0.340251929001247,0.254828964304332,0.198307716814445,0.309902593204541,0.190298943495696,0.316471553718264,0.260069748656049,0.314297449450572,0.273157770129598,0.319124793006635,0.379746371547269,0.271289525664326,0.357972420075078,0.294175320688163,0.301908282622625,0.290484121783865
48.1601818086689,0.340425493915061,0.309376122261221,0.331972847400498,0.315379393229166,0.317500282187026,0.284488376979209,0.308430176295192,0.274956053846069,0.223477467760348,0.298921741346588,0.222995098436582,0.297603312924567,0.235825168533995,0.305592236866998,0.235524029291281,0.311985723680454,0.272649126645739,0.318069670989942,0.286284062318944,0.32221523390159,0.357916659531212,0.265670913617545,0.339708305365951,0.255086635914145,0.1974705676903,0.310031168510195,0.189716541259606,0.316424947994812,0.258911460389093,0.314907288754829,0.272543778827274,0.319577683914134,0.378419288867147,0.27181557813574,0.356123370325222,0.294466168479843,0.300183546398356,0.290696505303687
48.4365542097323,0.339268658733065,0.309541038351001,0.330853850594446,0.315516380842683,0.31582315365446,0.284873380886157,0.306876674396081,0.275338508625998,0.221917878417294,0.29924249210352,0.221336566978521,0.297920796787894,0.233436253849016,0.30588379779362,0.23364446001881,0.312303652271251,0.271904356377387,0.318412390909755,0.285407911545826,0.322499439691626,0.357487369354265,0.265783254155838,0.339165096544334,0.255346069735621,0.196634216393016,0.310159894572044,0.189136692617033,0.316378350082522,0.257741516884828,0.315519649735895,0.271923929328404,0.320032502216855,0.377084937731112,0.272346924425141,0.354268043421539,0.294757304737349,0.298457605098217,0.290909045140955
48.7145126036471,0.338111922221976,0.309706041967007,0.329730207332295,0.315653429455289,0.314130030829132,0.285260525920541,0.305310978465301,0.275723746010467,0.220345942447971,0.299563585106324,0.219665028240444,0.29823861896493,0.231024493394693,0.306175639673966,0.231753131209155,0.31262190669209,0.27114627468995,0.318756718972591,0.284524633259148,0.322785053964825,0.357056681415499,0.265895948318255,0.338622261940514,0.255607261763343,0.195798649632547,0.310288763423873,0.188559362622165,0.316331759975809,0.256560150650815,0.316134505108015,0.271298212363041,0.320489229290892,0.375743276315702,0.272883529443626,0.352406885786944,0.29504872972477,0.296731572420115,0.291121741393496
48.9940660918045,0.336955395748211,0.309871133154251,0.328601877245363,0.315790539099825,0.312421040914559,0.285649798921694,0.303733217392643,0.276111748378963,0.218761922974682,0.299885020731379,0.217980664189183,0.298556779813429,0.228590702858669,0.306467762743281,0.22985075934087,0.312940487253183,0.270375043385077,0.319102643692311,0.283634453157518,0.323072059669227,0.356624569325488,0.266008994092416,0.338079760968776,0.255870207992155,0.194963854124556,0.310417767088071,0.187984516335913,0.316285177669088,0.255367594204653,0.316751827347005,0.270666618671377,0.320947846402032,0.374394262804723,0.273425357911348,0.350540343847872,0.295340443706393,0.295006562071376,0.291334594159168
49.2752238278249,0.33579919066467,0.310036311957762,0.327468819955893,0.315927709809151,0.310696311102574,0.286041186662953,0.302143520054976,0.276502498036949,0.217166083108449,0.300206799355506,0.216283656780297,0.298875279691517,0.226135697919519,0.306760167236928,0.227938060882666,0.313259394264991,0.269590824242725,0.319450153536501,0.282737596918102,0.323360439697944,0.35619100668067,0.266122389462836,0.337537553029561,0.256134904415402,0.19412981657692,0.310546897571125,0.187412118810033,0.316238603156778,0.254164080050199,0.317371588683503,0.270029138979729,0.321408334703227,0.373037855372045,0.273972374350668,0.348668864026028,0.295632446946699,0.293283687746538,0.291547603535865
49.5579950178577,0.334643418332047,0.310201578422594,0.326330995092188,0.316064941616148,0.308955968592305,0.286434675850992,0.300542015337187,0.276895977212461,0.21555868596758,0.300528921355963,0.214574187976572,0.299194118957697,0.223660294262528,0.307052853390398,0.226015752309802,0.313578628038216,0.268793779056928,0.319799236926776,0.281834290229465,0.323650176889014,0.355755967086849,0.266236132411515,0.336995597532417,0.256401347025725,0.193296523702698,0.310676146867967,0.186842135102413,0.316192036433301,0.252949840700829,0.317993761104289,0.26938576402353,0.321870675234428,0.371674012198487,0.274524543073761,0.346792892741795,0.295924739710364,0.291564063144219,0.291760769621514
49.842388920883,0.333488190114305,0.310366932593822,0.325188362281203,0.316202234553721,0.307200140583385,0.286830253124236,0.298928832124904,0.277292168054088,0.213939994669938,0.300851387110453,0.212852439740537,0.299513297970841,0.221165307569009,0.307345821439301,0.224084550096469,0.313898188883804,0.267984069620315,0.320149882237499,0.280924758789705,0.323941254024188,0.355319424148013,0.266350220917615,0.336453853885399,0.256669531814029,0.19246396221388,0.310805506959434,0.186274530269476,0.316145477493081,0.251725108666494,0.318618316347456,0.268736484536924,0.322334848920596,0.370302691462063,0.275081828174307,0.344912876434529,0.296217322262263,0.289848801980713,0.291974092514074
50.1284148490144,0.332333617355869,0.310532374516542,0.32404088114922,0.316339588654797,0.305428954266661,0.287227905051529,0.297304099293413,0.277691052629458,0.212310272328175,0.301174196997118,0.211118594028868,0.299832817090199,0.218651553528839,0.307639071619373,0.222145170714718,0.314218077112946,0.26716185771756,0.320502077795496,0.280009228250667,0.324233653828527,0.354881351466156,0.266464652957414,0.335912281493597,0.256939454768922,0.191632118821587,0.310934969813899,0.185709269367376,0.316098926330545,0.250490116460987,0.319245225901003,0.268081291250334,0.322800836570859,0.36892385134472,0.275644193517911,0.343029261474059,0.296510194867465,0.288139017902593,0.292187572311539
50.4160821678042,0.331179811439068,0.310697904235873,0.322888511323691,0.316477003952322,0.303642536849951,0.287627618131121,0.295667945737979,0.278092612920844,0.210669782064974,0.301497351394543,0.209372832809516,0.300152676675391,0.216119847815087,0.30793260416647,0.220198330640684,0.314538293037076,0.266327305148558,0.320855811878659,0.279087924354164,0.324527358968866,0.354441722646947,0.266579426504458,0.335370839767673,0.25721111187679,0.190800980238522,0.311064527384396,0.185146317452655,0.316052382940123,0.249245096590423,0.319874460998359,0.267420174901267,0.323268618876393,0.367537450020584,0.276211602731987,0.341142494365881,0.296803357791236,0.286435824692356,0.292401209111938
50.7054002965497,0.330026883779869,0.31086352179695,0.321731212431797,0.316614480479268,0.30184101555527,0.288029378789329,0.294020500370708,0.27849683082302,0.209018787010683,0.301820850681753,0.207615338059297,0.300472877086415,0.213571006083555,0.30822641931657,0.218244746352754,0.314858836967874,0.265480573724211,0.321211072715193,0.278161072923346,0.324822352053005,0.354000511297383,0.266694539529472,0.334829488121439,0.257484499121192,0.189970533177685,0.311194171608309,0.184585639580833,0.316005847316247,0.247990281551576,0.320505992615524,0.266753126231743,0.323738176409063,0.366143445654907,0.276784019196527,0.33925302174228,0.297096811299036,0.284740336258317,0.292615003013329
50.9963787086021,0.328874945549894,0.311029227244945,0.320568944097376,0.31675201826862,0.300024517497953,0.288433173378104,0.292361891977769,0.278903688150994,0.207357550234654,0.302144695238226,0.205846291685768,0.300793418683646,0.21100584410546,0.30852051730578,0.216285134306761,0.315179709217263,0.264621825164969,0.321567848486848,0.27722889919598,0.325118615632965,0.353557691006873,0.266809989999651,0.334288185938473,0.257759612480255,0.189140764345338,0.311323894423302,0.184027200809231,0.315959319453353,0.246725903898564,0.321139791479605,0.26608013594339,0.3242094896247,0.364741796469501,0.277361406036486,0.337361289339473,0.297390555656526,0.283053665614803,0.292828954113811
51.2890269316763,0.327724107938414,0.311195020625053,0.319401665945334,0.316889617353385,0.298193169801609,0.28883898817493,0.290692249354997,0.279313166628367,0.20568633481148,0.302468885443885,0.204065875602262,0.301114301827835,0.208425177645249,0.308814898370329,0.214320210961143,0.31550091009741,0.263751221199457,0.32192612732471,0.276291628451299,0.325416132200564,0.35311323536732,0.266925775879329,0.333746892605664,0.258036447928384,0.188311660448933,0.311453687752861,0.1834709661959,0.315912799345877,0.245452196183009,0.321775828056444,0.265401194741944,0.324682538857724,0.363332460683325,0.277943726110482,0.335467742954535,0.297684591129563,0.281376925837641,0.293043062511517
51.5833545481631,0.326574491429587,0.311360901981976,0.318229337721666,0.317027277766926,0.296347103644189,0.289246809421974,0.289011706084508,0.279725247551212,0.204005406134089,0.302793421678737,0.202274274354069,0.301435526879955,0.20582981807234,0.309109562746343,0.212350693634241,0.315822439920709,0.262868926989378,0.32228589717978,0.275349508250413,0.325714884053809,0.352667118632035,0.267041895153451,0.333205568652848,0.258315001510392,0.187483208448466,0.311583542980532,0.182916900725257,0.315866286988279,0.244169388766274,0.32241407218313,0.26471629486659,0.325157304169466,0.361915394355443,0.278530941939666,0.333572862514404,0.297978917984084,0.279711264048357,0.293257328304393
51.8793711954428,0.325426163650889,0.311526871363343,0.317051918483531,0.317164999540724,0.294486427147683,0.289656623053712,0.287320368530339,0.280139914022918,0.202315016410665,0.303118304325269,0.200471657518488,0.301757094202225,0.203220601747136,0.309404510671351,0.210377294752151,0.316144298999901,0.261975088172342,0.322647146684474,0.274402659443794,0.326014854185968,0.352219311292623,0.267158345669865,0.3326641681099,0.258595268840585,0.186655393867373,0.311713454470088,0.182364969800068,0.315819782374916,0.242877724463717,0.323054495509915,0.264025419834777,0.325633766354382,0.360490565826921,0.279123016113136,0.331676933859662,0.298273536486876,0.278057633760234,0.293471751591665
52.1770865662009,0.32427907028146,0.311692928823517,0.315869365702299,0.317302782701885,0.2926111952426,0.290068414391926,0.285618280262609,0.280557153459101,0.20061538743257,0.30344353377111,0.198658160141749,0.302079004159248,0.200598422692931,0.309699742385977,0.208400715455687,0.3164664876482,0.261069805346755,0.323009866116621,0.27345091053579,0.32631602727925,0.351769775166861,0.267275124963705,0.332122630014938,0.258877244542688,0.185828198917429,0.311843423489065,0.18181513979178,0.315773285499916,0.241577474829978,0.323697074246243,0.263328533045219,0.326111908068227,0.359057971780206,0.27971991174427,0.329779795024639,0.298568446906419,0.276416541786357,0.293686332475463
52.4765104087455,0.323133075789114,0.311859074421366,0.314681635794497,0.317440627274599,0.290721427437555,0.290482168319171,0.283905443034732,0.280976956146464,0.198906720736801,0.303769110407495,0.196833894275619,0.302401257117354,0.197964213336486,0.309995258132956,0.206421649372585,0.316789006179223,0.260153149120149,0.323374046841638,0.272493895343002,0.326618389127596,0.351318466298144,0.267392230360177,0.331580883424114,0.259160922573175,0.185001603606211,0.311973455913364,0.181267377718334,0.315726796357252,0.240268930561386,0.324341787595634,0.262625584500967,0.326591713178547,0.357617627773534,0.280321592197262,0.327880985823564,0.298863649512403,0.274788197457579,0.293901071059882
52.7776525273263,0.321988038376398,0.312025308216155,0.313488685090494,0.317578533282832,0.288817140505165,0.290897869603223,0.28218185537085,0.281399312550274,0.197189216292517,0.304095034626388,0.194998970193148,0.30272385344337,0.195318909057491,0.310291058155321,0.204440789544288,0.317111854906845,0.25922518777625,0.323739680273504,0.271531232666074,0.326921925564156,0.35086534027704,0.267509659164185,0.331038856616755,0.259446296822304,0.184175587766946,0.312103557982249,0.180721650642323,0.315680314940886,0.238952383821077,0.32498861481334,0.261916523164,0.327073165550863,0.356169550814167,0.280928020581012,0.325980023084262,0.299159144574801,0.273172787170623,0.294115967449212
53.0805227824557,0.3208438195042,0.31219163026702,0.31229046996687,0.317716500750678,0.286898352641884,0.291315502937885,0.280447517475495,0.281824212969768,0.195463074885456,0.304421306820114,0.193153499093583,0.303046793504466,0.192663443702367,0.310587142696172,0.20245882931845,0.31743503414518,0.258285990809883,0.324106757742815,0.270562549113132,0.32722662232485,0.350410352931647,0.267627408684825,0.330496478278061,0.259733361191231,0.183350131324658,0.312233735761901,0.180177925604522,0.315633841244791,0.237628126011938,0.325637534831926,0.261201298539478,0.327556248893961,0.354713757157832,0.281539159675627,0.324076435581933,0.299454932363755,0.271570509243588,0.294331021747716
53.3851310912318,0.319700280804029,0.312358040633142,0.311086946805213,0.317854529702243,0.284965082120499,0.291735052928333,0.278702429642878,0.282251647648341,0.193728497347777,0.304747927381482,0.191297592227798,0.303370077668205,0.189998751043475,0.31088351199875,0.200476462063871,0.317758544208591,0.257335627785523,0.324475270539187,0.269587471700373,0.327532465092056,0.349953460106779,0.267745476227513,0.329953677118402,0.260022109566697,0.182525214211831,0.312363995320141,0.179636169647709,0.315587375262945,0.236296448503207,0.326288526380991,0.26047986016618,0.328040946808996,0.353250263024939,0.282154971944781,0.322169752708124,0.299751013149615,0.269981562612601,0.294546234059706
53.6914874276631,0.31855728393375,0.312524539373749,0.30987807198058,0.317992620161638,0.283017347219357,0.29215650408842,0.276946592175817,0.282681606776258,0.191985684510087,0.305074896703792,0.189431360846221,0.303693706302544,0.187325764820834,0.31118016630644,0.198494381137151,0.318082385411686,0.256374168260657,0.324845209911618,0.268605627506155,0.3278394394952,0.349494617638977,0.267863859093171,0.329410381842576,0.260312535818043,0.181700816355806,0.312494342730921,0.179096349807758,0.315540916989326,0.234957642644122,0.326941567987595,0.259752157573723,0.328527242789585,0.351779084619268,0.282775419528052,0.320259503965831,0.300047387202938,0.268406146321466,0.294761604489543
53.999601822995,0.317414690520165,0.312691126548123,0.308663801872904,0.31813077215298,0.281055166210442,0.292579840839851,0.275180005365814,0.283114080492506,0.190234837200692,0.305402215180833,0.187554916197518,0.30401767977584,0.184645418814498,0.311477105862773,0.196513279910325,0.318406558069322,0.255401681797154,0.325216567069785,0.267616643546023,0.328147531111986,0.349033781368767,0.267982554578354,0.328866521155813,0.260604633796974,0.180876917686118,0.312624784080952,0.178558433123442,0.315494466417916,0.233611999798906,0.327596637980406,0.259018140299926,0.329015120223055,0.350300238159884,0.28340046423295,0.318345218760175,0.300344054794493,0.266844459311084,0.294977133141639
54.3094843660382,0.31627236219298,0.312857802215596,0.307444092863941,0.318268985700393,0.279078557368983,0.293005047510954,0.273402669507293,0.283549058881882,0.188476156250626,0.305729883206887,0.185668369533415,0.304341998456845,0.181958646810027,0.311774330911424,0.19453385176073,0.318731062496604,0.254418237962832,0.325589333182973,0.266620146844606,0.328456725467154,0.348570907139258,0.268101559975303,0.328322023765577,0.260898397337319,0.180053498133673,0.312755325467372,0.178022386634847,0.315448023542701,0.232259811334219,0.328253714486033,0.258277757887126,0.329504562388682,0.348813739867905,0.284030067525673,0.316426426507781,0.300641016195257,0.265296700533427,0.295192820120456
54.6211452034991,0.315130160574889,0.313024566435554,0.306218901328041,0.318407260828007,0.277087538955082,0.293432108335117,0.271614584883906,0.283986531973129,0.186709842482191,0.306057901176728,0.183771832093068,0.30466666271471,0.179266382552964,0.312071841696215,0.192556790033844,0.31905589900888,0.253423906298416,0.325963499379478,0.26561576438464,0.328767008031526,0.34810595078574,0.268220872571892,0.327776818374581,0.261193820254578,0.179230537626113,0.312885972997377,0.177488177380406,0.315401588357669,0.230901368610024,0.328912775426121,0.257530959855539,0.329995552456253,0.3473196059549,0.284664190521443,0.31450265655474,0.300938271676415,0.263763068883769,0.295408665530509
54.9345945403123,0.313987947280688,0.313191419267432,0.304988183631225,0.318545597559959,0.275082129211808,0.293861007449508,0.269815751767167,0.284426489737506,0.184936096707859,0.306386269485622,0.181865415101486,0.304991672918983,0.176569559743825,0.31236963846111,0.190582788039294,0.319381067921749,0.252418756314143,0.326339056746125,0.264603123101715,0.329078364221433,0.347638868134692,0.268340489651599,0.327230833680192,0.261490896345375,0.178408016087409,0.313016732788226,0.17695577239668,0.315355160856812,0.229536962978749,0.329573798515596,0.256777695700484,0.330488073485075,0.345817852621695,0.285302793975816,0.312573438167769,0.301235821509362,0.262243763193575,0.29562466947636
55.2498426399741,0.312845584022412,0.313358360770715,0.303751896247842,0.318683995920381,0.273062346605148,0.294291728896711,0.268006170584876,0.284868922094202,0.183155119865691,0.306714988529334,0.179949229967662,0.305317029439614,0.17386911268577,0.312667721450224,0.188612539562737,0.319706569551062,0.251402857919125,0.326715996327585,0.263581850547065,0.32939077940298,0.347169615124457,0.268460408492692,0.326683998445097,0.261789619382118,0.177585913487077,0.313147610967405,0.176425138741003,0.315308741034119,0.228166885888136,0.330236761273626,0.256017915244442,0.330982108428227,0.344308496210195,0.285945838293248,0.310638301664926,0.301533665965711,0.260738983131978,0.295840832062629
55.5668998248795,0.311702932061454,0.313525391004957,0.302509995150979,0.318822455933462,0.271028208571773,0.294724256608429,0.26618584104207,0.285313818873474,0.181367112311607,0.307044058704099,0.178023387249941,0.30564273264693,0.171165972903659,0.312966090907801,0.186646736194041,0.320032404212888,0.250376279179749,0.32709430912681,0.262551571432385,0.329704238866417,0.346698147174354,0.268580626372224,0.326136241127329,0.262089983137259,0.176764209582579,0.313278613671474,0.17589624337237,0.315262328883606,0.226791428342315,0.330901640955868,0.255251566799074,0.331477640104438,0.342791552409696,0.286593283429676,0.308696772523801,0.301831805317243,0.259248924508584,0.296057153393962
55.8857764766593,0.310559852800299,0.313692510029759,0.301262436470255,0.318960977623381,0.268979732869129,0.295158574420541,0.264354763069423,0.285761169853434,0.179572274583653,0.307373480406658,0.1760879977721,0.305968782911665,0.16846107278652,0.313264747078235,0.1846860702065,0.320358572223549,0.249339088736929,0.327473986103719,0.261511911353403,0.330018727852707,0.346224419866259,0.268701140561736,0.325587490280863,0.262391981356253,0.175942884198032,0.313409747047842,0.17536905328122,0.315215924399282,0.225410881484739,0.331568414624263,0.254478599146865,0.331974651226511,0.34126703711319,0.287245088979358,0.30674837772607,0.30213023983596,0.257773784333285,0.296273633575063
56.2064830365205,0.309416208524744,0.313859717904734,0.300009177317528,0.319099561014226,0.266916939271625,0.295594666092409,0.262512938013973,0.286210964807049,0.177770808360656,0.307703254034284,0.174143174024789,0.306295180604997,0.165755350166926,0.31356369020609,0.182731238175757,0.320685073899684,0.248291358842396,0.327855018173502,0.260462501470161,0.330334231587145,0.345748389799179,0.268821948321773,0.325037675056789,0.262695607723213,0.175121917573138,0.313541017256377,0.174843535650793,0.31516952757512,0.224025537328167,0.332237059235724,0.253698964030679,0.33247312443745,0.3397349674924,0.287901214288082,0.304792653738192,0.302428969794161,0.256313767178911,0.296490272710733
56.5290300055882,0.308271861595964,0.314027014689545,0.298750174888475,0.319238206130085,0.264839847725786,0.296032515283475,0.260660367343619,0.286663193448631,0.175962915418788,0.308033379984753,0.172189028640899,0.306621926098513,0.163049743341969,0.31386292053608,0.180782937044593,0.321011909558184,0.247233162056009,0.328237396207381,0.259402973417521,0.33065073524189,0.345270013658916,0.268943046907722,0.32448672465715,0.263000855896709,0.174301289983064,0.31367243046741,0.174319657680783,0.315123138405091,0.222635687959541,0.332907551543217,0.252912613445999,0.332973042269529,0.33819536082817,0.288561618314439,0.302829137836006,0.302727995464358,0.25486907826367,0.296707070905822
56.8534279452492,0.307126674361605,0.314194400443905,0.297485386363737,0.319376912995051,0.262748478147267,0.296472105549607,0.258797052504582,0.287117845426726,0.174148797516754,0.308363858656335,0.170225674227808,0.306949019764197,0.160345190525437,0.314162438313061,0.178841863689949,0.32133907951619,0.246164570882358,0.328621111032283,0.258332958745191,0.33096822393139,0.344789248115694,0.269064433570428,0.323934568274841,0.263307719513219,0.17348098169661,0.313803992861535,0.173797386567925,0.31507675688317,0.221241625452486,0.333579868083453,0.252119499343001,0.333474387138981,0.336648234381768,0.289226259607171,0.300857367150218,0.303027317119277,0.253439922690035,0.296924028265235
57.1796874774981,0.305980508007861,0.314361875227631,0.296214767632741,0.319515681633353,0.260642847800814,0.296913420309995,0.256922993081235,0.287574910247821,0.172328654913377,0.308694690447746,0.168253221201847,0.307276461974373,0.157642622777942,0.314462243781999,0.176908709334843,0.321666584091001,0.245085653080109,0.329006153432086,0.257252081690349,0.331286682658984,0.344306048502291,0.269186105564499,0.323381134317188,0.263616192238559,0.172660972435924,0.313935710626536,0.17327668925493,0.315030383003389,0.219843640737256,0.33425398503481,0.251319569781024,0.33397714128757,0.335093603733572,0.289895096108654,0.29887686634905,0.30332693503174,0.252026495622408,0.297141144893867
57.5078192852848,0.304833221684051,0.31452943910068,0.294938272320495,0.319654512069445,0.258522969302223,0.297356442821352,0.2550381853928,0.288034377217148,0.170502685237104,0.309025875758103,0.166271776136869,0.307604253101653,0.15494295861542,0.314762337187944,0.174984155286899,0.321994423600014,0.2439964680849,0.329392514148468,0.256159953666043,0.331606096275774,0.343820367805969,0.269308060154651,0.32282634981384,0.263926267807325,0.171841240964482,0.314067589955051,0.172757532239025,0.314984016759882,0.21844202273895,0.334929878107005,0.250512765995967,0.334481286737327,0.33353148151615,0.290568085000621,0.296887138245,0.303626849474583,0.25062897479658,0.297358420896564
57.8378341128645,0.303684674333373,0.314697092123071,0.293655853822855,0.319793404327814,0.256388854796838,0.297801156227367,0.253142625428081,0.28849623555617,0.168671085850201,0.309357414987014,0.164281445217889,0.307932393519043,0.152247115284348,0.315062718776084,0.173068881850352,0.322322598360858,0.242897074490126,0.32978018387773,0.255056184787583,0.331926449564237,0.343332158776639,0.269430294602411,0.322270141655037,0.264237939939774,0.171021765948743,0.314199637049534,0.172239881972352,0.314937658146793,0.217037060179756,0.335607522762064,0.249699028533233,0.33498680538096,0.331961880063764,0.291245182993894,0.294887683438879,0.303927060720831,0.249247536184659,0.297575856378215
58.1697427661497,0.302534725086962,0.314864834354865,0.29236746574461,0.319932358432931,0.254240516858943,0.298247543568504,0.251236309477145,0.288960474426964,0.166834054357631,0.309689308534595,0.16228233498445,0.308260883599957,0.149556011188639,0.315363388791756,0.171163570244287,0.322651108691424,0.241787531657107,0.330169153269746,0.253940386353504,0.332247727255925,0.342841374380621,0.269552806163216,0.321712436858131,0.264551202323418,0.170202526143624,0.314331858123353,0.171723704948163,0.314891307158262,0.215629041966872,0.336286894261091,0.248878298567792,0.33549367900075,0.330384811982661,0.291926346384999,0.292878004548015,0.304227569043738,0.247882357366806,0.297793451443763
58.5035561130634,0.301383237188817,0.315032665855997,0.291073066262853,0.320071374408824,0.252077977449899,0.298695587890661,0.249319240423029,0.289427083188847,0.164991793675616,0.310021556801651,0.160274559734786,0.30858972371844,0.14687059006206,0.315664347480567,0.169268921708702,0.322979954910157,0.240667915752889,0.330559412921629,0.252812195556526,0.332569914212643,0.342347972320318,0.269675592057832,0.321153165222324,0.264866048433839,0.169383502239823,0.314464259411463,0.171208968559288,0.314844963788236,0.214218261056352,0.336967968147378,0.24805053105238,0.336001889465708,0.328800295831279,0.292611531698391,0.290857648320066,0.304528374717163,0.246533651114509,0.298011206198409
58.8392850838956,0.300230077882591,0.31520058668628,0.289772618001127,0.32021045227909,0.249901267659759,0.29914527224172,0.247391427560264,0.289896051391766,0.163144511885445,0.310354160189676,0.158258241312255,0.308918914249154,0.144191820271005,0.315965595088389,0.167385656953423,0.323309137336054,0.239538319287647,0.330950953377407,0.251671274770795,0.332892995421672,0.341851914903849,0.269798649473084,0.320592259252095,0.265182471538178,0.168564676810535,0.314596847170153,0.170695641073373,0.314798628030476,0.212805014341656,0.337650720236072,0.247215694338247,0.336511418726584,0.327208355956407,0.293300695667719,0.288826204418298,0.304829478015564,0.245201664421916,0.2982291207476
59.176940671661,0.299075114577225,0.315368596905571,0.28846608376673,0.320349592067312,0.247710418955825,0.299596579563678,0.245452880448339,0.29036736852436,0.161292417281854,0.310687119100677,0.156233501872023,0.309248455567179,0.141520671199826,0.316267131861246,0.165514497492875,0.323638656288373,0.238398835446944,0.331343765133295,0.250517287411095,0.333216955818466,0.341353164629665,0.269921975589668,0.320029651563719,0.26550046486838,0.167746032506751,0.31472962766671,0.17018369079422,0.314752299878737,0.211389598878961,0.338335126142655,0.246373757330346,0.337022248622625,0.325609016944044,0.293993794597959,0.286783264279488,0.305130879213626,0.243886645697447,0.298447195196842
59.5165339324587,0.297918214681661,0.315536696573777,0.287153426366958,0.320488793797079,0.245505462805399,0.300049492686928,0.243503608646743,0.290841024001842,0.159435718159581,0.31102043393716,0.154200463569253,0.309578348047998,0.138858112232873,0.316568958045304,0.163656164841486,0.323968512086622,0.237249557416345,0.33173783863749,0.24934989689221,0.333541780278587,0.340851683996218,0.270045567583332,0.31946527477347,0.265820021628127,0.166927551979462,0.314862607179002,0.169673086025627,0.314705979326779,0.209972311724444,0.339021161261243,0.245524688933632,0.33753436087245,0.324002303380185,0.294690784330518,0.284728419340413,0.305432578586248,0.24258884334952,0.298665429651696
59.8580759858346,0.296759245604838,0.31570488575086,0.285834608609106,0.320628057491984,0.243286430675781,0.300503994329143,0.241543621714965,0.291317007164697,0.157574622813363,0.311354105102139,0.152159248559113,0.309908592067501,0.136205112754499,0.316871073886877,0.161811380513682,0.324298705050563,0.236090578381415,0.332133164289726,0.248168766628923,0.333867453617273,0.340347435501959,0.270169422624838,0.318899061497625,0.266141134992278,0.166109217879658,0.314995791995525,0.169163795071395,0.314659666368363,0.208553449934283,0.339708800763217,0.244668458053057,0.338047737073264,0.322388239850829,0.295391620235627,0.282661261037851,0.305734576408543,0.241308505786555,0.298883824217769
60.2015780151452,0.295598082128189,0.315873164496508,0.284509601496543,0.320767383174819,0.24105337086107,0.300960067301957,0.239572941030704,0.291795307765753,0.15570934905862,0.311688132999477,0.150109992904591,0.310239188002389,0.1335626875541,0.317173479632646,0.159980901912389,0.32462923550076,0.234922021652787,0.33252973242972,0.246973606452631,0.334193960931807,0.339840390134972,0.270293537826184,0.318330949339029,0.266463797768817,0.165291016328297,0.315129188435447,0.168655787847841,0.314613360996907,0.207133317822398,0.340398020514947,0.243805058290887,0.338562359074686,0.320766861611557,0.296096258440091,0.280581459914462,0.306036872956549,0.240045944499213,0.29910237900109
60.5470512679239,0.294434697723032,0.316041532866145,0.283178485747197,0.320906770857553,0.238806556902771,0.301417697088946,0.237591746172983,0.292275922031833,0.153840242156862,0.312022518038169,0.148053018842065,0.310570136235187,0.130932459223509,0.317476175532448,0.15816596685232,0.324960103765476,0.233744413802302,0.332927533198907,0.245764747538279,0.334521291852766,0.339330632527553,0.270417909574345,0.317760942651977,0.266787998210942,0.164472979896156,0.315262803096723,0.168149055856853,0.314567063201155,0.205712316856639,0.341088808492777,0.242934813853368,0.339078213628113,0.319138346743522,0.296804671171699,0.278489745442503,0.306339468516107,0.238802315411622,0.299321094112632
60.8945070562493,0.29326908183632,0.316209990914539,0.281841359839179,0.321046220550388,0.236546298804471,0.301876869527561,0.235600242329849,0.292758847219413,0.151967668000116,0.312357260628491,0.145988678744896,0.310901437149728,0.12831614874266,0.31777916183676,0.156367890914963,0.325291310174461,0.232558346680034,0.333326556664054,0.244542621641078,0.334849436712784,0.33881826570839,0.27054253413322,0.317189056596392,0.26711372378453,0.16365514867321,0.315396642631995,0.167643594094647,0.314520772969105,0.204290864231879,0.341781154553591,0.242058102463474,0.33959528820839,0.317502896447915,0.297516833025243,0.2763870185084,0.306642363374864,0.237578911140693,0.299539969664228
61.2439567571157,0.29210120602031,0.316378538697281,0.280498302356853,0.321185732265472,0.234272865727242,0.302337569852723,0.233598606003849,0.293244079367956,0.150091969371537,0.312692361180408,0.143917291228953,0.311233091129298,0.125715366882893,0.318082438795676,0.154587902572092,0.325622855056403,0.231364339015578,0.333726792867878,0.243307547852385,0.335178384970479,0.338303372099923,0.270667407890618,0.316615294228684,0.267440962718943,0.162837554327052,0.315530713656632,0.167139393643528,0.314474490289605,0.20286935952681,0.342475046206258,0.241175241898108,0.340113569290475,0.315860686028399,0.298232715273757,0.274273987990172,0.306945557818983,0.236376871188082,0.299759005766893
61.5954118128054,0.290931044489196,0.316547176269888,0.279149394843926,0.321325306014648,0.231986532907824,0.302799783274945,0.231587017964711,0.293731614660106,0.148213492491893,0.313027820104538,0.141839179931808,0.311565098557765,0.123131740810113,0.318386006659526,0.152827243253852,0.325954738740476,0.230162920415801,0.334128231797635,0.242059862023298,0.335508126165631,0.337786037189888,0.270792527208355,0.316039660405698,0.26776970306557,0.162020229778138,0.315665022804541,0.166636446167976,0.314428215151384,0.201448204940623,0.343170471171744,0.240286558851658,0.340633043392885,0.314211894641093,0.298952289304889,0.272151391328963,0.307249052135144,0.235197357832776,0.299978202531839
61.9488837312635,0.289758573038307,0.316715903687847,0.27779472060189,0.321464941809566,0.229687579191772,0.303263494949307,0.229565661516782,0.294221449350226,0.146332585623815,0.313363637812106,0.139754671473809,0.311897459819513,0.120566907428248,0.318689865678847,0.151087162087385,0.326286961556254,0.228954626948432,0.334530863386306,0.240799909959846,0.335838649869017,0.337266348286744,0.270917888430079,0.3154621610537,0.268099932746033,0.1612032086911,0.315799576725301,0.166134743678271,0.314381947543105,0.200027804229032,0.343867417249691,0.239392385315308,0.34115369702283,0.312556703730394,0.29967552643793,0.270019982931795,0.307552846610435,0.234041546883015,0.300197560070424
62.3043840864745,0.288583767451799,0.316884721006692,0.27643436291981,0.321604639661865,0.227376283399133,0.303728689929615,0.227534719946491,0.294713579658026,0.144449597015503,0.313699814714867,0.137664092454227,0.312230175299365,0.118022503572387,0.318994016104331,0.149368908145423,0.3266195238336,0.227739994635536,0.33493467751456,0.239528037397692,0.336169945608028,0.336744392686084,0.271043487892851,0.314882802091398,0.268431639624357,0.160386524725312,0.315934382079897,0.165634278182253,0.314335687453433,0.198608561136747,0.344565872118823,0.238493053242802,0.341675516594633,0.310895294724523,0.300402397651315,0.267880517085764,0.307856941532196,0.232910614051402,0.300417078494073
62.6619245188418,0.287406603039132,0.317053628282015,0.275068404558999,0.321744399583219,0.22505292326642,0.304195353154308,0.225494375779279,0.295208001736752,0.142564874302102,0.314036351225083,0.135567768576758,0.31256324538255,0.115500163153727,0.319298458186817,0.147673728189634,0.326952425902622,0.22651955755932,0.335339664011039,0.23824458708352,0.3365020028447,0.336220257136861,0.271169321930504,0.314301589116448,0.268764811527552,0.159570211316727,0.316069445539518,0.16513504158396,0.314289434871065,0.197190878941161,0.345265823277653,0.23758889299752,0.342198488405371,0.309227848364665,0.301132873498592,0.265733742983833,0.308161337187981,0.231805730988306,0.300636757914256
63.0215167355683,0.286227054746606,0.317222625569469,0.273696927877019,0.321884221585325,0.222717775701213,0.30466346944865,0.223444810958405,0.295704711679691,0.140678764649748,0.314373247755534,0.133466024859963,0.312896670454713,0.113001517846599,0.319603192177286,0.146002867213657,0.327285668093689,0.225293848317951,0.335745812651758,0.236949899477365,0.336834810980568,0.335694027969838,0.2712953868728,0.313718527480889,0.26909943623979,0.158754301730378,0.316204773785912,0.164637025708025,0.31424318978472,0.195775160562158,0.345967258057327,0.236680233726168,0.342722598639892,0.307554544866397,0.301866924121515,0.263580405921811,0.308466033865561,0.230728066236372,0.300856598442489
63.3831725110399,0.285045097518225,0.317391712924749,0.27232001522887,0.322024105679868,0.220371117605814,0.305133023534096,0.22138620742343,0.296203705543516,0.138791615221616,0.314710504719534,0.131359186318051,0.313230450901936,0.110528199311062,0.319908218326878,0.144357570199862,0.327619250737452,0.224063399500152,0.336153113159139,0.235644315024685,0.337168359373244,0.335165791513135,0.271421679042764,0.313133622535221,0.269435501484988,0.157938829230223,0.316340373512416,0.164140222378591,0.314196952183124,0.194361808917371,0.346670163666307,0.23576740456771,0.343247833388728,0.30587556444196,0.302604519306127,0.261421251170601,0.308771031852963,0.229678788318413,0.301076600190357
63.7469036872113,0.283860706515025,0.31756089040358,0.270937749211199,0.322164051878491,0.218013226379043,0.305604000033702,0.219318747462361,0.296704979362456,0.136903773461649,0.315048122530938,0.1292475783756,0.313564587110749,0.108081840548389,0.320213536886899,0.142739083190661,0.327953174164868,0.222828744583593,0.336561555201222,0.234328175541298,0.337502637346486,0.334635634344915,0.271548194755014,0.312546879776498,0.269772994915784,0.157123827182324,0.31647625142447,0.163644623466938,0.314150722054998,0.192951227138186,0.347374527217569,0.234850735390163,0.343774178658891,0.304191087618297,0.30334562851574,0.259257026338382,0.309076331438493,0.228659067620652,0.301296763269524
64.1127221739934,0.282673856925805,0.31773015806173,0.269550212450584,0.322304060192819,0.215644379480126,0.306076383465859,0.217242613406351,0.29720852913447,0.135015586848424,0.315386101604141,0.127131526507191,0.313899079468119,0.105664074719258,0.32051914810881,0.14114865235466,0.328287438707178,0.221590417154038,0.336971128391635,0.233001823007819,0.337837634181019,0.334103643075005,0.271674930317206,0.31195830472118,0.270111904121688,0.156309328965939,0.316612414239643,0.16315022085128,0.314104499389069,0.191543818383123,0.348080335704206,0.233930556149482,0.344301620363631,0.302501294960995,0.304090220852922,0.257088479309512,0.309381932910714,0.227670074750674,0.301517087791719
64.4806399496432,0.281484523889867,0.317899515955012,0.268157487519831,0.322444130634466,0.213264854259308,0.306550158241275,0.215157987509032,0.297714350816064,0.133127402798179,0.315724442354068,0.125011356097181,0.314233928361452,0.10327653469509,0.320825052244231,0.139587523631522,0.328622044695908,0.220348950602174,0.337381822289124,0.231665599106703,0.338173339110777,0.333569904256632,0.271801882030416,0.31136790285138,0.270452216631472,0.15549536793684,0.316748868686647,0.162657006397823,0.31405828417407,0.190139985762176,0.348787575988732,0.2330071966426,0.344830144317967,0.300806366966064,0.304838265042978,0.254916357466583,0.309687836558443,0.226712979914345,0.30173757386874
64.8506690611567,0.280292682547803,0.318068964139277,0.266759656992228,0.322584263215032,0.210874928066834,0.307025308663519,0.213065052024747,0.298222440324197,0.131239568727498,0.316063145196184,0.122887392529953,0.314569134178589,0.100920853343734,0.321131249544936,0.138056942958189,0.328956992462868,0.219104878318611,0.337793626397216,0.230319845518628,0.338509741324903,0.333034504444144,0.27192904618888,0.310775679650645,0.270793919910412,0.154681977451475,0.316885621506337,0.162164971973858,0.314012076398743,0.188740132386295,0.349496234809045,0.232080986665651,0.34535973624074,0.299106484129819,0.305589729436101,0.252741408184531,0.309994042670753,0.225788953312503,0.30195822161245
65.2228216246626,0.27909830804025,0.318238502670424,0.265356803441317,0.322724457946099,0.208474878253485,0.30750181892823,0.21096398920814,0.298732793535975,0.129352432053642,0.316402210546487,0.120759961190578,0.31490469730781,0.0985986635351041,0.32143774026286,0.136558156273543,0.329292282340156,0.217858733695151,0.338206530163803,0.228964903926012,0.338846829967552,0.332497530192191,0.272056419079926,0.310181640602689,0.271137001359493,0.153869190866492,0.317022679451502,0.161674109446765,0.313965876051835,0.187344661366989,0.350206298777647,0.231152256015994,0.345890381754122,0.297401826948994,0.306344582003228,0.250564378841555,0.310300551536973,0.224899165148766,0.30217903113478
65.5971098258192,0.277901375507547,0.31840813160439,0.263949009440369,0.322864714839234,0.206064982169683,0.3079796731222,0.208854981313511,0.299245406287703,0.127466340193333,0.316741638821516,0.118629387463648,0.315240618137835,0.0963115981384647,0.321744524650093,0.135092409515738,0.329627914660155,0.216611050122737,0.338620522980645,0.227601116010384,0.339184594137573,0.331959068054961,0.27218399698392,0.309585791190792,0.271481448314502,0.153057041538244,0.317160049286768,0.161184410683611,0.313919683122098,0.185953975815156,0.350917754380799,0.230221334490295,0.346422066383017,0.295692575919969,0.307102790331002,0.248386016815266,0.310607363446692,0.224044785625906,0.302400002547728
65.9735459202137,0.276701860087913,0.318577850997154,0.26253635756112,0.323005033905989,0.203645517163879,0.308458855222495,0.206738210593031,0.299760274374246,0.125581640561133,0.317081430438349,0.116495996731679,0.315576897057825,0.0940612900209986,0.322051602958883,0.133660948620611,0.329963889755537,0.215362360988541,0.339035594182886,0.226228823449604,0.339523022888218,0.331419204584253,0.272311776174182,0.308988136895914,0.271827248045153,0.15224556282173,0.317297737788294,0.160695867549916,0.313873497598291,0.184568478839165,0.351630587977519,0.229288551882572,0.346954775554476,0.293978911537371,0.307864321617248,0.246207069481967,0.310914478689752,0.223226984944025,0.302621135963359
66.3521422337633,0.275499736924163,0.318747660904741,0.261118930378581,0.3231454151579,0.201216760588712,0.308939349095927,0.204613859303424,0.300277393548157,0.123698680576027,0.317421585814601,0.114360114381488,0.315913534457377,0.0918493720538116,0.322358975441635,0.132265019528366,0.330300207959259,0.214113199687713,0.339451733049046,0.224848367929314,0.339862105227171,0.330878026336969,0.272439752917171,0.308388683203988,0.272174387754857,0.151434788074822,0.317435751745309,0.160208471914514,0.31382731946918,0.183188573552638,0.352344785800429,0.228354237992299,0.34748849459765,0.292261014299526,0.308629142665491,0.24402828422028,0.311221897556257,0.222446933308337,0.302842431493807
66.7329111631187,0.274294981155114,0.318917561383215,0.259696810465071,0.323285858606487,0.198778989793418,0.30942113849797,0.202482109697597,0.300796759519376,0.121817807654021,0.317762105368429,0.112222065796818,0.316250530726535,0.0896774771065585,0.322666642350913,0.130905868177448,0.330636869604564,0.212864099609561,0.339868928800211,0.223460091129443,0.340201830116042,0.330335619865995,0.272567923472213,0.30778743559696,0.27252285457943,0.150624750653226,0.317574097958453,0.159722215643672,0.313781148723535,0.1818146630656,0.353060333953402,0.227418722615304,0.348023208742815,0.29053906470191,0.309397219881388,0.241850408408239,0.311529620336565,0.221705800921916,0.303063889251272
67.1158651760702,0.273087567921469,0.319087552488683,0.258270080393962,0.323426364263253,0.196332482128565,0.309904207071973,0.200343144030117,0.301318367953734,0.119939369211519,0.318102989518532,0.110082176362074,0.316587886255778,0.087547238048079,0.322974603939435,0.129584740505315,0.330973875024985,0.211615594144886,0.340287170599748,0.222064334731167,0.3405421864702,0.329792071725587,0.272696284091586,0.307184399558212,0.272872635586423,0.149815483913241,0.317712783240742,0.159237090604449,0.313734985350134,0.18044715048872,0.353777218411789,0.226482335547738,0.348558903121078,0.288813243240891,0.310168519266805,0.239674189422303,0.311837647321296,0.221004757986743,0.303285509348021
67.5010168119559,0.271877472361085,0.319257634277295,0.256838822737156,0.323566932139687,0.193877514944795,0.310388538348419,0.198197144555004,0.301842214473367,0.118063712671384,0.318444238684148,0.107940771465508,0.316925601436032,0.0854602877887591,0.32328286046008,0.128302882484237,0.33131122455434,0.21036821669228,0.340706447553057,0.220661440415694,0.340883163158567,0.329247468470549,0.272824831020488,0.306579580570364,0.273223717774699,0.149007021211829,0.317851814417818,0.158753088663907,0.313688829337761,0.179086438942494,0.354495425021501,0.225545406590315,0.349095562763782,0.287083730413737,0.310943006415627,0.237500374644655,0.312145978801325,0.220344974742679,0.303507291896391
67.8883786820721,0.270664669619238,0.319427806805243,0.255403120070772,0.323707562247261,0.19141436559158,0.310874115744601,0.196044293526544,0.302368294654104,0.116191185436367,0.318785853285061,0.105798176483296,0.317263676658663,0.0834182591027197,0.323591412165881,0.127061539973852,0.331648918526737,0.209122500624896,0.341126748707023,0.219251749865649,0.34122474900371,0.328701896653306,0.272953560497026,0.305972984117856,0.27357608807322,0.148199395903906,0.317991198326672,0.158270201689015,0.313642680675204,0.177732931515692,0.355214939499447,0.224608265530869,0.349633172602875,0.285350706714607,0.311720646511044,0.235329711443827,0.312454615067786,0.219727621307223,0.303729237008784
68.2779634700866,0.26944913482942,0.319598070128762,0.253963054964021,0.32384825459743,0.188943311420102,0.31136092256262,0.193884773198569,0.302896604027528,0.114322134940655,0.319127833741596,0.103654716810356,0.317602112315479,0.0814227849818654,0.323900259310032,0.125861959013256,0.33198695727657,0.207878979355791,0.34154806304969,0.217835604760187,0.341566932780783,0.328155442829759,0.2730824687521,0.305364615681916,0.273929733340799,0.147392641347342,0.318130941818179,0.157788421546593,0.313596539351259,0.176387031347205,0.355935747430465,0.223671242176719,0.350171717468552,0.283614352642309,0.312501404316033,0.23316294720852,0.312763556412073,0.219153867992758,0.303951344797671
68.6697839324536,0.268230843242401,0.31976842430412,0.252518710054847,0.323989009201624,0.186464629770893,0.311848941996827,0.191718765835513,0.303427138062287,0.112456908328014,0.319470180474615,0.101510717670339,0.317940908798734,0.0794754963867416,0.324209402145886,0.12470538396709,0.332325341138526,0.206638185933986,0.341970379509972,0.216413346818177,0.341909703222987,0.327608193529768,0.273211552010194,0.304754480780155,0.274284640362881,0.146586790875512,0.318271051742992,0.157307740108827,0.313550405354725,0.175049141112705,0.356657834284075,0.22273466615695,0.350711182101463,0.281874848656363,0.313285244199789,0.231000829135837,0.313072803125849,0.218624883293996,0.304173615375588
69.0638528988317,0.267009769614685,0.319938869387668,0.251070167691795,0.324129826071308,0.183978598027895,0.312338157094766,0.18954645365558,0.303959892249163,0.110595853961088,0.319812893905563,0.0993665050053554,0.318280066501124,0.0775780328021985,0.32451884092693,0.12359306622749,0.332664070447558,0.20540065493494,0.34239368695697,0.214985317591487,0.342253048994869,0.327060235391187,0.273340806485443,0.304142584776172,0.27464079586284,0.145781877924195,0.318411535017654,0.15682814922473,0.313504278674421,0.173719665431319,0.357381185331923,0.221798867849121,0.351251551092851,0.280132375380461,0.314072129989536,0.228844105230071,0.313382355500982,0.218141843334165,0.304396048855145
69.4601832725037,0.265785905820717,0.320109405434417,0.249617520250729,0.324270705216086,0.181485492132021,0.312828551857196,0.187368020533625,0.30449485962062,0.108739278194728,0.320155974455036,0.0972223800172787,0.318619585815765,0.0757317396385175,0.32482857590774,0.122526014755746,0.333003145539637,0.204166868361961,0.342817974209317,0.213551864482062,0.342596959453187,0.326511651389366,0.273470228495373,0.303528938410113,0.274998186156252,0.14497793242936,0.318552396741525,0.156349641582924,0.313458159298676,0.172398941926205,0.358105788016699,0.220864151861564,0.351792810594348,0.278387107818813,0.314862029085206,0.226693495648833,0.31369221383156,0.217705661076048,0.304618645348866
69.8587880307996,0.264559328438831,0.320280032492573,0.248160909726793,0.324411646636412,0.178985580898524,0.31332011547664,0.185183658555402,0.305032021195555,0.106887279569413,0.320499422537242,0.0950785215223929,0.318959467136082,0.0739365074239271,0.325138607347678,0.121504039132182,0.333342566754615,0.202937048150036,0.343243230073151,0.212113363858702,0.342941427573984,0.32596250639622,0.273599814898425,0.302913579037769,0.275356795823716,0.144174967021117,0.318693632969414,0.155872214036402,0.313412047213371,0.171086976783347,0.358831641090123,0.219930695329307,0.352334954903821,0.276639193185688,0.31565492834913,0.224549582787446,0.314002378421663,0.217315947547017,0.304841404968589
70.2596802255209,0.263330142566,0.320450750608064,0.24670049482099,0.324552650329627,0.176479130740829,0.313812838855695,0.182993562568697,0.305571353811947,0.105039886648102,0.32084323856457,0.0929350671249832,0.319299710855904,0.0721917367975668,0.325448935507843,0.120526545080055,0.333682334433865,0.201711328659702,0.343669443310194,0.210670201839693,0.343286447538007,0.325412859184982,0.273729562731539,0.302296552974093,0.275716608801646,0.143372988500785,0.318835236699057,0.155395864838547,0.313365942403572,0.169783664584592,0.359558747135226,0.218998632461793,0.352877981055459,0.27488876933585,0.31645082114815,0.222412902653013,0.314312849578954,0.216971875384895,0.30506432782596
70.6628729833685,0.262098453252472,0.320621559826842,0.24523643420757,0.324693716293037,0.173966408082622,0.314306712826331,0.180797927422539,0.306112834133637,0.10319712812967,0.321187422949913,0.0907921545116558,0.319640317369502,0.0704968293167102,0.325759560649518,0.119592939080657,0.334022448919069,0.20048984442452,0.344096602621649,0.209222764534428,0.34363201349845,0.324862768546704,0.27385946902578,0.301677906523675,0.276077608939699,0.142572003683988,0.318977200923115,0.154920592244101,0.313319844854352,0.168488900126098,0.360287108737602,0.218068097554713,0.353421886053605,0.273135974146264,0.317249700701615,0.220283991341312,0.314623627611406,0.216672618050739,0.305287414032694
71.0683795063721,0.26086436553328,0.320792460194878,0.243768886550753,0.32483484452391,0.171447679336433,0.31480172815243,0.178596947953087,0.306656438642934,0.101359032708788,0.32153197610667,0.0886499213621204,0.319981287071595,0.0688511865726822,0.326070483034167,0.1187026276414,0.334362910552219,0.199272729967188,0.344524696647335,0.207771438033933,0.343978119582719,0.324312293260608,0.273989530806196,0.301057685978115,0.276439779998332,0.141772019380364,0.319119518620227,0.154446394500175,0.313273754550794,0.167202578202037,0.361016728488998,0.217139224896029,0.353966666876829,0.27138094548556,0.318051560095273,0.218163384948796,0.314934712827314,0.21641734903336,0.305510663700567
71.4762130723228,0.259627984458109,0.320963451758164,0.24229801052452,0.32497603501947,0.168923210927403,0.315297875529725,0.176390819010639,0.30720214363549,0.0995256290902672,0.32187689844874,0.0865085053669423,0.320322620357346,0.0672542101585501,0.326381702923439,0.11785501727312,0.334703719675621,0.198060119829249,0.344953713965989,0.2063166084484,0.344324759892818,0.323761492119401,0.274119745092428,0.300435937642592,0.276803105648721,0.140973042406534,0.319262182759319,0.153973269862088,0.313227671477988,0.165924593617588,0.361747608992106,0.216212148785349,0.354512320479034,0.269623821232294,0.318856392275117,0.216051619574346,0.315246105535292,0.216205241825853,0.305734076941421
71.8863870352078,0.258389415065491,0.321134534562713,0.24082396479504,0.325117287776903,0.166393269270393,0.315795145585005,0.17417973543429,0.307749925220465,0.09769694596856,0.322222190390531,0.0843680442064733,0.320664317622368,0.0657053016581117,0.326693220579169,0.117049514476503,0.335044876631891,0.196852148534229,0.345383643094124,0.204858661870556,0.344671928504747,0.323210423904162,0.274250108898066,0.299812707810893,0.277167569470993,0.14017507957277,0.319405186294884,0.153501216577905,0.313181595621034,0.164654841166193,0.362479752856081,0.215287003510246,0.355058843788263,0.267864739256375,0.3196641900503,0.213949231311461,0.315557806044274,0.216035469909565,0.305957653867162
72.2989148256473,0.257148762401117,0.321305708654558,0.239346908034105,0.325258602793354,0.163858120787566,0.316293528876546,0.171963892070669,0.308299759318467,0.0958730120476645,0.322567852346953,0.0822286755698393,0.321006379262717,0.0642038626659347,0.327005036263375,0.11628552576436,0.335386381763959,0.195648950621121,0.345814472486814,0.203397984408585,0.345019619469176,0.322659147405109,0.274380619231238,0.299188042785539,0.27753315495506,0.139378137694773,0.319548522171119,0.153030232901714,0.313135526965038,0.163393215652094,0.363213162700847,0.214363923370157,0.355606233707868,0.26610383743459,0.320474946089781,0.211856756262271,0.315869814663512,0.21590720677993,0.306181394589759
72.713809951335,0.25590613151015,0.321476974079751,0.237866998912449,0.325399980065925,0.161318031899695,0.316793015892773,0.169743483765371,0.308851621658178,0.0940538560278446,0.322913884733422,0.0800905371431733,0.321348805674901,0.0627492947708639,0.327317150238262,0.115562457642761,0.335728235415066,0.194450660624248,0.346246190536334,0.201934962165643,0.345367826810599,0.322107721410311,0.274511273094184,0.29856198886716,0.277899845498314,0.138582223586643,0.31969218331922,0.152560317086045,0.313089465495117,0.162139611875669,0.363947841154284,0.21344304265963,0.356154487115364,0.264341253641895,0.321288652920122,0.209774730522642,0.316182131702582,0.215819625924724,0.306405299221249
73.1310859974795,0.25466162743258,0.321648330884366,0.236384396097641,0.325541419591681,0.158773269023524,0.317293597052251,0.167518705359273,0.309405487776089,0.0922395066067166,0.323260287965863,0.0779537666095662,0.321691597255875,0.0613409995609647,0.327629562766216,0.114879716617317,0.336070437928769,0.193257413071436,0.34667878557211,0.200469981238857,0.345716544527488,0.321556204703166,0.274642067483255,0.297934592351698,0.278267624405424,0.137787344060132,0.319836162657208,0.152091467380479,0.313043411196393,0.160893924633635,0.364683790852312,0.212524495670106,0.356703600862529,0.262577125750097,0.322105302926044,0.207703690190201,0.316494757471378,0.215771900830836,0.30662936787373
73.5507566272499,0.253415355214724,0.321819779114498,0.234899258261341,0.325682921367643,0.15622409858108,0.317795262703292,0.165289751699272,0.309961333013083,0.0904299924860987,0.323607062460705,0.0758185016565725,0.32203475440304,0.0599783786266747,0.327942274109812,0.114236709195927,0.336412989648934,0.192069342499327,0.347112245860616,0.199003427733644,0.346065766592298,0.321004656073111,0.274772999389133,0.297305899541118,0.27863647488779,0.136993505930149,0.31998045309166,0.15162368203841,0.312997364054,0.159656048728036,0.36542101444064,0.211608416697902,0.357253571775658,0.260811591635257,0.322924888346324,0.205644171361949,0.316807692280118,0.215763204988003,0.306853600659365
73.9728355822228,0.252167419892215,0.321991318816258,0.233411744068113,0.325824485390791,0.153670786985126,0.318298003123424,0.163056817621822,0.310519132514379,0.0886253423599915,0.323954208634888,0.0736848799636711,0.322378277514253,0.0586608335534952,0.328255284531804,0.113632841881397,0.336755890919743,0.190886583429361,0.347546559604597,0.197535687741186,0.346415486951131,0.32045313429928,0.274904065796427,0.296675956727112,0.279006380062333,0.13620071600615,0.320125047514721,0.151156959306794,0.312951324053076,0.158425878951441,0.366159514572007,0.210694940030481,0.357804396654829,0.259044789165967,0.323747401275776,0.203596710134984,0.31712093643934,0.215792711880154,0.307077997690384
74.3973366828322,0.250917926517584,0.322162950035783,0.231922012193993,0.325966111658067,0.151113600663339,0.318801808519386,0.160820097980001,0.311078861225149,0.0868255849359573,0.324301726905857,0.0715530392240285,0.322722166987814,0.0573877659368047,0.328568594295137,0.113067521187064,0.337099142085691,0.18970927040853,0.347981714943637,0.196067147376837,0.346765699524163,0.319901698177797,0.275035263684343,0.296044810218191,0.279377322951843,0.135408981106768,0.320269938809065,0.150691297443318,0.312905291178772,0.157203310112688,0.366899293911099,0.209784199971061,0.358356072274972,0.257276856223169,0.324572833658504,0.201561842608728,0.317434490259904,0.215859595003298,0.307302559079078
74.8242738288224,0.249666980130362,0.322334672819226,0.230430221306051,0.326107800166369,0.148552806031806,0.319306669026085,0.158579787614082,0.311640493890855,0.0850307489103987,0.324649617691568,0.069423117119724,0.323066423222477,0.0561585773630407,0.328882203662937,0.112540153616575,0.337442743491588,0.188537537963147,0.348417699952664,0.194598192736209,0.347116398204819,0.319350406491233,0.275166590025867,0.295412506309534,0.279749286482795,0.134618308043202,0.320415119842072,0.150226694697017,0.312859265416244,0.155988237007267,0.367640355128889,0.208876330809587,0.358908595384301,0.255507930677975,0.325401177291471,0.199540104879151,0.317748354052993,0.215963027842196,0.307527284937806
75.2536609997026,0.248414685772833,0.322506487212762,0.228936530073303,0.326249550912555,0.1459886695091,0.319812574706661,0.156336081367043,0.312204005054513,0.0832408629823449,0.324997881410488,0.0672952513353829,0.323411046617448,0.0549726694210724,0.329196112898515,0.112050145676282,0.337786695482555,0.187371520624235,0.348854502642357,0.193129209919463,0.347467576860147,0.318799318025201,0.275298041788203,0.294779091299278,0.28012225348559,0.133828703628354,0.320560583468946,0.149763149318892,0.312813246750656,0.154780554433777,0.36838270090587,0.207971466839239,0.359461962705076,0.25373815040369,0.326232423820575,0.197532033043687,0.318062528130112,0.216102183884801,0.307752175378988
75.6855122552051,0.247161148487448,0.322678393262587,0.227441097164892,0.326391363893443,0.143421457513975,0.320319515551981,0.154089174082064,0.312769369054943,0.0814559558509759,0.325346518481593,0.0651695795557802,0.323756037572383,0.0538294436997824,0.32951032226537,0.111596903872542,0.33813099840403,0.1862113529231,0.349292110958682,0.191660585027023,0.347819229330624,0.318248491565472,0.275429615932678,0.294144611485731,0.28049620669367,0.133040174675221,0.320706322532081,0.149300659560048,0.312767235167181,0.153580157191003,0.369126333931501,0.207069742353337,0.360016170933332,0.25196765327376,0.327066564739419,0.195538163199596,0.31837701280309,0.216276236619019,0.307977230515111
76.1198417357455,0.245906473320971,0.322850391014917,0.225944081252896,0.326533239105808,0.140851436468964,0.32082748148037,0.151839260606503,0.313336560024696,0.0796760562190852,0.32569552932437,0.0630462394693127,0.324101396487389,0.0527283017910445,0.329824832027182,0.11117983471489,0.338475652601765,0.185057169397887,0.349730512782763,0.190192704165891,0.348171349430176,0.317697985902315,0.275561309414835,0.293509113171606,0.280871128743067,0.132252727999246,0.320852329861814,0.148839223674467,0.312721230651003,0.152386940082095,0.369871256905063,0.206171291649556,0.36057121673899,0.25019657716484,0.327903591387113,0.193559031445379,0.318691808384079,0.21648435953656,0.308202450458727
76.5566636628856,0.24465076531364,0.323022480515987,0.224445641004961,0.326675176546384,0.13827887279086,0.321336462336957,0.149586535781365,0.313905551889021,0.0779011927840585,0.326044914358819,0.0609253687589365,0.324447123763029,0.0516686452823506,0.330139642447818,0.110798344708232,0.338820658421827,0.183909104576519,0.350169695930124,0.188725953433248,0.348523930945805,0.317147859819277,0.275693119184135,0.292872642653013,0.281247002171166,0.13146637041223,0.320998598274253,0.148378839911854,0.31267523318731,0.151200797903696,0.370617472533577,0.205276249019136,0.361127096765199,0.24842505994876,0.328743494948538,0.191595173877865,0.319006915185554,0.21672572612363,0.308427835322451
76.9959923397991,0.243394129508963,0.323194661812054,0.222945935090876,0.326817176211865,0.135704032899273,0.321846447893467,0.147331194450818,0.31447631836328,0.0761313942456538,0.326394674005452,0.058807105110083,0.324793219800316,0.0506498757628864,0.330454753791331,0.110451840359179,0.339166016210597,0.182767292991525,0.350609648150732,0.18726071893065,0.348876967637704,0.31659817210303,0.275825042184185,0.292235246229162,0.281623809416465,0.130681108727603,0.321145120573033,0.147919506523843,0.3126292427613,0.150021625455287,0.371364983533623,0.204384748756,0.361683807628673,0.246653239499596,0.329586266451025,0.189647126594182,0.319322333520314,0.216999509868467,0.308653385218962
77.4378421517403,0.242136670954588,0.323366934949394,0.221445122183408,0.326959238098904,0.133127183217569,0.322357427848045,0.145073431463091,0.315048832951549,0.0743666893077776,0.326744808685295,0.0566915862121702,0.325139685000719,0.0496713948257368,0.330770166321958,0.110139728178646,0.339511726314772,0.181631869183041,0.351050357128911,0.185797386767071,0.349230453239328,0.316048981545055,0.275957075352797,0.291596970203914,0.282001532818246,0.12989694976154,0.321291889549667,0.147461221765258,0.31258325935818,0.14884931754139,0.37211379263188,0.203496925159344,0.362241345919798,0.244881253694856,0.330431896763114,0.187715425693756,0.319638063701485,0.217304884264431,0.308879100261007
77.8822275665146,0.240878494682117,0.323539299974304,0.219943360944269,0.327101362204108,0.130548590155066,0.322869391824104,0.142813441650937,0.315623068945719,0.0726071066603891,0.327095318819888,0.0545789497407901,0.32548651976616,0.0487326040520436,0.331085880304119,0.109861414664677,0.339857789081365,0.180502967664668,0.351491810481923,0.1843363430259,0.349584381456552,0.315500346919487,0.276089215621355,0.290957860864221,0.28238015461446,0.129113900320628,0.321438897979201,0.147003983879645,0.312537282963163,0.147683768949446,0.372863902560656,0.202612912511021,0.362799708201212,0.243109240399776,0.331280376595692,0.185800607270465,0.319954106042514,0.217641022789383,0.309104980561395
78.3291631349524,0.239619705748576,0.323711756933103,0.218440810052434,0.32724354852405,0.127968520143,0.32338232937127,0.140551419871418,0.316198999421423,0.0708526750144341,0.327446204831283,0.0524693333925749,0.325833724499016,0.047832905040201,0.331401896002425,0.109616306333725,0.340204204857704,0.179380722990741,0.351933995761728,0.182877973829644,0.349938745968927,0.314952327027413,0.276221459916005,0.29031796452337,0.282759656943709,0.128331967226208,0.32158613862856,0.146547791128018,0.312491313561474,0.146524874492819,0.373615316066662,0.201732845118941,0.363358891010166,0.24133733749854,0.332131696494269,0.1839032074252,0.320270460857177,0.218007098943616,0.309331026233
78.7786634913859,0.238360409188816,0.323884305872126,0.216937628171944,0.327385797055255,0.125387239593632,0.323896229963651,0.138287560960475,0.316776597239481,0.0691034230630789,0.327797467142052,0.0503628748462074,0.32618129960212,0.046971699374378,0.331718213681666,0.10940380968718,0.340550973991433,0.17826526968068,0.352376900452486,0.18142266526734,0.350293540428164,0.314404980646691,0.276353805156303,0.289677327471908,0.283140021841876,0.127551157286978,0.321733604247074,0.146092641756362,0.312445351138342,0.145372528962808,0.374368035901281,0.200856857268993,0.36391889085572,0.239565682859039,0.332985846844938,0.182023762253661,0.320587128459572,0.218402286208889,0.30955723738876
79.2307433541277,0.237100710048737,0.324056946837734,0.215433973974305,0.32752810779421,0.122805014928794,0.324411083000335,0.136022059764633,0.317355835041874,0.0673593795083018,0.328149106175278,0.0482597117893399,0.32652924547876,0.0461483886459959,0.33203483360682,0.109223331233896,0.340898096830513,0.177156742271219,0.352820511971742,0.179970803444708,0.350648758458979,0.313858366566603,0.276486248256113,0.289035996011553,0.283521231243325,0.126771477317822,0.321881287572875,0.145638534018009,0.312399395679007,0.144226627161533,0.375122064827253,0.199985083257887,0.364479704220446,0.237794414357269,0.333842817867407,0.180162807854549,0.320904109164126,0.218825758075839,0.309783614141681
79.6854175259532,0.235840713293049,0.324229679876305,0.213930006006488,0.327670480737375,0.1202221123667,0.324926877811559,0.133755111007191,0.317936685261372,0.0656205728734643,0.32850112235455,0.0461599816945867,0.326877562532675,0.0453623738647634,0.332351756043064,0.109074277069384,0.341245573723226,0.176055274985007,0.353264817677417,0.178522774045336,0.35100439366297,0.313312543503167,0.276618786124944,0.288394016421085,0.283903266986961,0.12599293409392,0.322029181332126,0.14518546613785,0.312353447168722,0.143087063792678,0.375877405621173,0.199117657144636,0.36504132756518,0.236023669737121,0.334702599615471,0.178320879349877,0.321221403285585,0.219276687939018,0.310010156604833
80.1427008945851,0.234580522715326,0.324402505034247,0.212425880978557,0.327812915881403,0.117638795111982,0.325443603754108,0.131486907608157,0.318519120261254,0.0638870290372212,0.328853516103752,0.0440638188451129,0.327226251167944,0.0446130473410321,0.332668981255927,0.108956047114762,0.341593405018228,0.1749609974021,0.353709804977373,0.177078956486806,0.351360439678809,0.312767569119163,0.276751415692061,0.28775143468022,0.284286110918431,0.125215533819033,0.322177278266591,0.144733435942856,0.312307505592836,0.141953732125413,0.37663406114662,0.198254709463419,0.365603757407003,0.234253584793824,0.33556518196814,0.176498497219001,0.321539011138956,0.219754247781243,0.310236864891383
80.6026084331808,0.233320197320716,0.32457542235832,0.21092168534853,0.327955413231911,0.115055211111968,0.325961254038426,0.129217573521012,0.319103117999773,0.0621586727417937,0.32920628783883,0.0419712355485387,0.327575311784779,0.0438994686762353,0.33298650951767,0.108867805162985,0.341941591066783,0.17387386156066,0.354155465715344,0.175639490553199,0.351716892589579,0.312223460808061,0.276884134867251,0.287108285343815,0.28466974899504,0.124439260851915,0.32232557221864,0.144282426052298,0.312261570940029,0.140826470583634,0.377392037259432,0.197396235957287,0.366166993436189,0.232484220800513,0.336430554364488,0.174695621911831,0.321856933037038,0.220257555627533,0.310463739115797
81.0651552008229,0.232059747953555,0.324748431895659,0.209417430035244,0.328097972804175,0.112471384383262,0.326479826055407,0.126947158541438,0.319688662520293,0.0604353199813587,0.329559437967113,0.0398821129578116,0.327924744779168,0.0432203397306208,0.333304341107805,0.108808461111813,0.342290132222941,0.172793628594958,0.354601796538005,0.174204258362116,0.352073751121207,0.311680192661051,0.277016942617317,0.286464590678916,0.285054171630827,0.123664076060886,0.322474058216877,0.143832402731316,0.312215643202566,0.139705058616124,0.378151343061754,0.196542087433973,0.366731038781609,0.230715558899472,0.337298705778464,0.172911611716866,0.322175169290215,0.22078567148159,0.310690779393936
81.5303563430121,0.230799182487899,0.324921533693444,0.207913121299612,0.328240594614056,0.10988733130092,0.32699931743288,0.124675707892146,0.320275738117495,0.0587167800445841,0.329912966895812,0.0377963241389278,0.328274550547233,0.0425743403077631,0.333622476306516,0.108776909204713,0.342639028841242,0.171720047867643,0.355048794370668,0.172773126143467,0.352431014157187,0.31113773609842,0.277149837972422,0.285820372193858,0.285439369463014,0.122889938865337,0.322622731354331,0.143383331235957,0.312169722372933,0.138589272034537,0.378911987913902,0.195692105764279,0.367295896798815,0.228947575291875,0.33816962498799,0.171145787796998,0.322493720209007,0.221337651768892,0.310917985841816
81.9982270921632,0.229538508883385,0.325094727798877,0.206408765534471,0.328383278677396,0.107303068455694,0.327519725768746,0.122403266926053,0.320864328941403,0.0570028624098914,0.330266875032593,0.0357137423861599,0.328624729485524,0.041960150829576,0.333940915394217,0.108772044124899,0.342988281276561,0.170652869074902,0.355496456111346,0.17134596057557,0.352788680570646,0.310596062618091,0.277282819959061,0.285175651421105,0.285825333065583,0.122116808726851,0.322771586713457,0.14293517685249,0.312123808443615,0.137478886755209,0.379673981233142,0.194846133071851,0.367861570852975,0.227180246319008,0.339043300591378,0.16939747235331,0.322812586104247,0.221912553018062,0.311145358575521
82.4687827681039,0.228277735096385,0.32526801425918,0.204904369130177,0.328526025010024,0.104718612435079,0.328041048637867,0.120129880992825,0.321454419007341,0.0552933765523566,0.330621162785565,0.0336342409903666,0.328975281991008,0.0413764517135498,0.334259658651561,0.108792760551489,0.343337889884111,0.169591841906555,0.355944778638644,0.169922628330117,0.353146749228653,0.310055143714335,0.277415887601694,0.284530449889733,0.286212052956291,0.121344645104962,0.322920619366899,0.142487904864817,0.312077901407101,0.136373678690697,0.38043733249808,0.194004011475987,0.368428064324423,0.225413548319355,0.339919721005854,0.167665987582367,0.323131767287075,0.222509431753858,0.311372897711212
82.9420387785765,0.22701686908652,0.325441393121599,0.203399938479321,0.328668833627766,0.102133979829389,0.328563283592212,0.117855595445221,0.322045992194804,0.0535881319499256,0.330975830563279,0.0315576932452631,0.329326208461073,0.0408219233797826,0.334578706359441,0.108837953166356,0.343687855019441,0.168536716058014,0.356393758812041,0.16850299608428,0.353505218992442,0.309514950885006,0.277549039922938,0.283884789132302,0.28659951959687,0.120573407461198,0.323069824378814,0.142041480559203,0.312032001255885,0.135273423757117,0.381202051250388,0.193165583099647,0.368995380609133,0.223647457633911,0.340798874465218,0.165950655682102,0.323451264068937,0.223127344504488,0.311600603365118
83.4180106197419,0.225755918809784,0.325614864433401,0.201895479972032,0.328811704546435,0.0995491872258114,0.329086428160499,0.115580455632538,0.322639032246897,0.0518869380775049,0.331330878774728,0.0294839724415151,0.329677509293527,0.0402952462458032,0.33489805879899,0.108906516648663,0.344038177038443,0.167487241218776,0.356843393471453,0.167086930509516,0.353864088717153,0.308975455624096,0.27768227594336,0.283238690677592,0.286987723392266,0.119803055254962,0.323219196803422,0.141595869219396,0.311986107982464,0.134177897866839,0.38196814709355,0.192330690062008,0.369563523118337,0.221881950600951,0.341680749019255,0.164250798849362,0.323771076761585,0.223765347794805,0.311828475653544
83.8967138766878,0.224494892226027,0.325788428241875,0.200391000001016,0.328954637781841,0.096964251214823,0.329610479848297,0.113304506907752,0.32323352276893,0.0501896044130287,0.331686307829349,0.0274129518728646,0.3300291848866,0.0397951007314776,0.335217716251584,0.108997345680028,0.344388856297345,0.166443167084276,0.357293679437497,0.165674298282948,0.354223357252036,0.308436629429562,0.277815594681681,0.282592176058283,0.287376654690791,0.119033547947805,0.323368731686453,0.141151036131699,0.311940221579338,0.133086876935965,0.382735629694686,0.191499174485933,0.370132495279002,0.220117003561547,0.342565332530939,0.162565739281684,0.32409120567708,0.224422498152679,0.312056514692867
84.3781642239383,0.223233797291439,0.325962084594332,0.198886504956531,0.329097633349781,0.094379188383765,0.33013543613774,0.111027794620331,0.32382944722814,0.0484959404315774,0.332042118137021,0.0253445048301469,0.330381235638942,0.0393201672545105,0.335537678998837,0.109109334939798,0.344739893152716,0.165404243344367,0.357744613511109,0.164264966076379,0.354583023440235,0.30789844379562,0.277948995154573,0.281945266803376,0.287766303783463,0.118264844999261,0.323518424063684,0.140706946580013,0.311894342039013,0.132000136877085,0.38350450878333,0.190670878490835,0.370702300533484,0.218352592854123,0.343452612676195,0.160894799176005,0.324411651127789,0.225097852103232,0.312284720599537
84.8623774259678,0.221972641966154,0.326135833538105,0.197382001231582,0.329240691266049,0.0917940153235264,0.330661294487638,0.108750364123639,0.324426788952311,0.0468057556117576,0.332398310108069,0.0232785046076826,0.330733661949624,0.0388691262355057,0.335857947322607,0.109241379110463,0.345091287961465,0.16437021969543,0.358196192473819,0.162858800567923,0.354943086118997,0.307360870220709,0.27808247637687,0.28129798444601,0.288156660904184,0.117496905871196,0.323668268962436,0.140263565850962,0.311848469353997,0.130917453607021,0.384274794153294,0.189845644200384,0.371272942340018,0.216588694820157,0.344342576941076,0.159237300730581,0.324732413426388,0.225790466175307,0.312513093490077
85.3493693377165,0.22071143420628,0.32630967512055,0.195877495216282,0.329383811546428,0.0892087486212495,0.331188052333066,0.106472260767175,0.325025531129198,0.0451188594273716,0.332754884153261,0.0212148244953289,0.33108646421814,0.0384406580850373,0.336178521504989,0.10939237286527,0.345443041080841,0.163340845825444,0.358648413087235,0.161455668427843,0.355303544119368,0.306823880198692,0.278216037361319,0.280650350515152,0.288547716228864,0.11672969002281,0.323818261399838,0.139820859228123,0.311802603516804,0.129838603036937,0.385046495661215,0.18902331373275,0.37184442417228,0.214825285797751,0.345235212621267,0.157592566137716,0.325053492885862,0.226499396888695,0.312741633481082
85.83915590511,0.219450181969774,0.326483609389043,0.194372993302178,0.329526994206693,0.0866234048658879,0.33171570708553,0.104193529901093,0.325625656805809,0.0434350613598583,0.333111840683812,0.0191533377890712,0.331439642844407,0.0380334432578529,0.336499401828324,0.10956121091478,0.345795152868433,0.162315871434735,0.359101272093395,0.160055436336455,0.355664396266421,0.306287445226481,0.278349677118772,0.280002386540799,0.288939459875801,0.11596315691566,0.323968396384118,0.139378791997637,0.311756744519949,0.128763361086885,0.385819623227746,0.188203729213617,0.372416749519687,0.213062342127367,0.346130506820378,0.155959917617337,0.325374889819502,0.227223700795804,0.312970340689221
86.3317531655814,0.218188893213314,0.326657636390983,0.192868501878115,0.32967023926261,0.0840380006432846,0.332244256131921,0.101914216885713,0.326227148883292,0.0417541708279339,0.333469180111382,0.0170939177371906,0.331793198228764,0.0376461617798463,0.33682058857519,0.109746787608794,0.346147623682168,0.16129504612606,0.359554766213241,0.158657970897176,0.356025641378588,0.305751536787603,0.278483394657896,0.279354114059451,0.28933188190266,0.115197265996978,0.324118668913034,0.138937329430878,0.311710892355953,0.127691503604632,0.386594186840475,0.187386732708845,0.372989921888219,0.211299840138194,0.347028446441433,0.154338677116222,0.325696604540911,0.227962434135105,0.313199215231234
86.8271772485963,0.216927575896859,0.326831756173792,0.191364027337827,0.329813546729939,0.0814525525450932,0.332773696836502,0.0996343670690508,0.326829990125763,0.0400759973381511,0.333826902848074,0.015036437655123,0.332147130771972,0.0372774942658308,0.337142082028409,0.109947997793155,0.346500453880318,0.160278119639056,0.360008892149701,0.15726313882211,0.356387278269071,0.305216126385868,0.278617188985758,0.278705554600597,0.289724972312232,0.114431976734766,0.324269073976931,0.138496436820733,0.311665047017341,0.126622806539167,0.387370196548363,0.186572166368704,0.373563944798822,0.209537756176319,0.347929018200973,0.152728166956618,0.326018637363998,0.228714653577593,0.313428257223938
87.3254443761809,0.215666237979799,0.327005968784913,0.189859576076787,0.329956916624437,0.078867077164859,0.333304026540459,0.0973540257862193,0.327434163158603,0.0384003504647174,0.334185009306441,0.0129807709094134,0.33250144087522,0.0369261217997558,0.33746388247105,0.110163736708382,0.3468536438215,0.159264841817817,0.360463646587098,0.1558708069055,0.356749305745558,0.304681185537958,0.278751059107659,0.278056729684822,0.290118721051287,0.1136672486118,0.324419606557696,0.138056079475128,0.311619208496644,0.125557045917232,0.388147662461958,0.185759872407784,0.374138821787446,0.207776066598978,0.348832208626333,0.151127709760441,0.326340988602985,0.229479416137692,0.313657466784222
87.8265708634533,0.214404887421463,0.327180274271811,0.188355154490333,0.330100348961852,0.0762815910959672,0.333835242560835,0.095073238372802,0.328039650462717,0.0367270397788369,0.334543499899481,0.0109267908643186,0.332856128940119,0.0365907254452217,0.337785990186425,0.110392899577855,0.347207193864671,0.158254962501777,0.360919026189656,0.154480841937898,0.357111722609578,0.304146685759902,0.278885004026915,0.277407660833007,0.290513118007541,0.112903041110166,0.324570261627743,0.137616222701278,0.311573376786397,0.124493997762114,0.388926594757017,0.184949693037796,0.374714556406026,0.20601474776286,0.349738004046032,0.149536628136617,0.326663658572401,0.230255778814887,0.31388684402905
88.3305731191577,0.213143532174906,0.327354672681975,0.18685076895879,0.330243843757907,0.0736961109142623,0.334367342185516,0.0927920502197712,0.328646434350546,0.0350558745064755,0.334902375040643,0.00887437062141895,0.333211195368702,0.0362699839219435,0.33810840545807,0.110634379651361,0.347561104369117,0.157248230994724,0.361375027594185,0.153093110285886,0.357474527653188,0.30361259849373,0.279019022743575,0.276758369600716,0.290908152995488,0.112139313632843,0.324721034143466,0.137176831725067,0.31152755187913,0.123433437699838,0.389707003688789,0.184141470139957,0.375291152226417,0.204253775962024,0.350646390550767,0.147954243197935,0.326986647587086,0.231042796888874,0.31411638907545
88.8374676462016,0.211882180302108,0.327529164062928,0.185346426109432,0.330387401028568,0.0711106534850815,0.33490032275807,0.0905105058391441,0.329254497364111,0.0333866694169914,0.335261635143781,0.00682338750188618,0.333566640563445,0.035962613526089,0.338431128570028,0.110887101821481,0.347915375694682,0.156244405202651,0.361831647535251,0.151707485128512,0.357837719716089,0.303078896377642,0.279153114276766,0.2761088769974,0.291303815996449,0.111376026856581,0.324871919159623,0.136737873082529,0.311481733767523,0.122375147735133,0.390488899354164,0.183335050904864,0.375868612774615,0.202493128501912,0.351557354636074,0.146379900043692,0.327309955962204,0.231839553216647,0.314346102040666
89.3472710421962,0.210620839494567,0.327703748462161,0.1838421317294,0.330531020788943,0.0685252346888153,0.33543418132538,0.0882286527321642,0.329863820621003,0.031719220424841,0.335621280623339,0.00477370447461841,0.333922464927198,0.0356672027497576,0.338754159805685,0.11114988335761,0.348270008200819,0.155243213772918,0.36228888232588,0.150323816473132,0.358201297448674,0.302545547980977,0.279287277571986,0.27545920588945,0.291700096162183,0.110613137125441,0.325022911354608,0.136299308853298,0.311435922443764,0.121318888176773,0.391272292677991,0.182530264463783,0.376446941803285,0.200732779247632,0.352470880530798,0.144812862190149,0.327633584013179,0.232645036858957,0.31457598304153
89.86,0.20935951788687,0.327878425927256,0.182337892612431,0.33067470305515,0.0659398715859068,0.335968915236083,0.0859465348154999,0.330474386622528,0.0300533460484805,0.335981311894042,0.00272520171439194,0.334278668863296,0.0353824933037153,0.339077499449749,0.111421670553981,0.348625002248202,0.154244420428802,0.362746728739696,0.148941982105824,0.358565259714632,0.302012526750234,0.279421511658622,0.274809376916226,0.292096983507182,0.109850605977388,0.325174005837011,0.135861106459109,0.311390117900638,0.120264445343388,0.392057193738381,0.18172696159822,0.377026142828982,0.198972706188226,0.353386954731447,0.143252490960448,0.327957532055809,0.233458349324912,0.314806032195527
